,digit
0,7
1,2
2,1
3,0
4,4
5,1
6,4
7,9
8,5
9,9
10,0
11,6
12,9
13,0
14,1
15,5
16,0
17,6
18,9
19,6
20,1
21,9
22,7
23,7
24,1
25,4
26,8
27,5
28,3
29,4
30,3
31,4
32,9
33,7
34,5
35,0
36,7
37,4
38,8
39,8
40,1
41,5
42,3
43,9
44,5
45,9
46,7
47,6
48,9
49,0
50,3
51,6
52,3
53,9
54,8
55,2
56,2
57,1
58,2
59,8
60,6
61,8
62,5
63,5
64,3
65,9
66,4
67,9
68,2
69,5
70,1
71,5
72,1
73,4
74,4
75,1
76,4
77,4
78,3
79,5
80,9
81,1
82,2
83,2
84,3
85,3
86,0
87,2
88,9
89,0
90,0
91,9
92,9
93,6
94,0
95,9
96,3
97,2
98,8
99,4
100,1
101,9
102,9
103,7
104,2
105,7
106,9
107,9
108,5
109,9
110,5
111,1
112,1
113,8
114,3
115,5
116,1
117,9
118,5
119,3
120,5
121,4
122,9
123,5
124,9
125,3
126,1
127,9
128,0
129,9
130,7
131,5
132,4
133,9
134,2
135,0
136,1
137,0
138,5
139,1
140,4
141,9
142,3
143,3
144,6
145,1
146,5
147,2
148,5
149,2
150,2
151,0
152,9
153,2
154,6
155,6
156,0
157,1
158,2
159,0
160,3
161,0
162,2
163,5
164,5
165,7
166,9
167,5
168,5
169,0
170,8
171,9
172,5
173,0
174,3
175,2
176,5
177,9
178,0
179,8
180,8
181,4
182,5
183,8
184,8
185,4
186,5
187,4
188,8
189,5
190,4
191,9
192,2
193,2
194,1
195,2
196,6
197,8
198,8
199,7
200,0
201,3
202,6
203,6
204,4
205,3
206,8
207,8
208,7
209,2
210,2
211,0
212,0
213,9
214,3
215,9
216,9
217,1
218,9
219,8
220,6
221,6
222,4
223,2
224,6
225,9
226,2
227,8
228,5
229,4
230,5
231,7
232,9
233,9
234,9
235,2
236,1
237,8
238,3
239,4
240,0
241,7
242,8
243,3
244,9
245,3
246,4
247,6
248,5
249,6
250,2
251,3
252,9
253,2
254,6
255,0
256,0
257,6
258,1
259,2
260,8
261,7
262,9
263,8
264,2
265,0
266,4
267,7
268,7
269,5
270,0
271,5
272,6
273,4
274,6
275,7
276,4
277,3
278,0
279,7
280,5
281,0
282,7
283,4
284,2
285,0
286,8
287,9
288,9
289,4
290,2
291,4
292,6
293,7
294,8
295,7
296,6
297,9
298,4
299,1
300,3
301,7
302,3
303,0
304,8
305,8
306,7
307,6
308,9
309,3
310,9
311,2
312,2
313,9
314,2
315,1
316,8
317,3
318,2
319,9
320,6
321,8
322,4
323,0
324,1
325,2
326,8
327,4
328,5
329,2
330,7
331,8
332,1
333,1
334,3
335,0
336,3
337,5
338,7
339,0
340,3
341,1
342,9
343,3
344,6
345,3
346,1
347,7
348,7
349,3
350,0
351,8
352,4
353,8
354,2
355,6
356,5
357,2
358,9
359,7
360,3
361,9
362,0
363,9
364,9
365,6
366,4
367,2
368,9
369,7
370,2
371,1
372,1
373,6
374,7
375,4
376,7
377,5
378,9
379,6
380,8
381,2
382,1
383,4
384,4
385,5
386,7
387,6
388,1
389,3
390,2
391,5
392,9
393,9
394,3
395,6
396,1
397,1
398,4
399,6
400,9
401,7
402,2
403,1
404,5
405,1
406,4
407,6
408,3
409,8
410,1
411,1
412,0
413,3
414,1
415,6
416,8
417,4
418,9
419,0
420,7
421,3
422,0
423,2
424,9
425,0
426,6
427,6
428,6
429,3
430,6
431,7
432,7
433,2
434,8
435,6
436,0
437,8
438,3
439,0
440,2
441,9
442,8
443,3
444,2
445,5
446,3
447,8
448,8
449,0
450,0
451,1
452,9
453,5
454,1
455,3
456,9
457,6
458,0
459,1
460,4
461,1
462,7
463,1
464,2
465,3
466,7
467,9
468,7
469,4
470,9
471,9
472,3
473,9
474,2
475,8
476,2
477,7
478,1
479,8
480,0
481,9
482,1
483,0
484,1
485,7
486,7
487,9
488,6
489,9
490,9
491,9
492,2
493,1
494,6
495,1
496,3
497,5
498,7
499,1
500,9
501,7
502,6
503,4
504,5
505,7
506,6
507,6
508,9
509,9
510,6
511,3
512,6
513,2
514,9
515,8
516,1
517,2
518,2
519,5
520,5
521,2
522,3
523,7
524,2
525,1
526,0
527,1
528,0
529,4
530,5
531,2
532,8
533,2
534,8
535,3
536,5
537,1
538,7
539,8
540,1
541,1
542,2
543,9
544,7
545,8
546,4
547,0
548,3
549,0
550,7
551,8
552,8
553,4
554,7
555,7
556,8
557,5
558,8
559,4
560,9
561,8
562,1
563,3
564,8
565,0
566,3
567,1
568,7
569,9
570,5
571,5
572,1
573,6
574,5
575,7
576,4
577,9
578,3
579,5
580,4
581,7
582,1
583,2
584,0
585,8
586,1
587,6
588,0
589,7
590,3
591,4
592,7
593,3
594,9
595,6
596,0
597,8
598,6
599,4
600,8
601,7
602,7
603,9
604,3
605,8
606,6
607,9
608,7
609,2
610,3
611,4
612,0
613,2
614,1
615,8
616,3
617,5
618,5
619,7
620,2
621,4
622,6
623,7
624,2
625,8
626,3
627,0
628,8
629,7
630,8
631,9
632,0
633,8
634,4
635,4
636,5
637,8
638,5
639,6
640,6
641,3
642,0
643,9
644,3
645,7
646,6
647,8
648,9
649,3
650,4
651,9
652,5
653,8
654,9
655,1
656,2
657,8
658,8
659,6
660,8
661,1
662,3
663,7
664,9
665,0
666,1
667,1
668,4
669,7
670,0
671,8
672,1
673,7
674,4
675,5
676,7
677,1
678,2
679,1
680,1
681,3
682,9
683,6
684,2
685,1
686,2
687,8
688,0
689,7
690,6
691,6
692,9
693,3
694,7
695,0
696,5
697,2
698,8
699,0
700,5
701,4
702,3
703,8
704,4
705,6
706,6
707,2
708,7
709,9
710,5
711,1
712,3
713,2
714,4
715,3
716,6
717,1
718,9
719,4
720,4
721,7
722,6
723,5
724,4
725,1
726,9
727,9
728,2
729,7
730,8
731,0
732,1
733,3
734,6
735,1
736,3
737,4
738,1
739,1
740,1
741,5
742,6
743,0
744,7
745,0
746,7
747,2
748,3
749,2
750,5
751,2
752,2
753,9
754,4
755,9
756,8
757,1
758,2
759,1
760,6
761,1
762,2
763,7
764,8
765,0
766,0
767,0
768,8
769,2
770,2
771,9
772,2
773,2
774,7
775,9
776,9
777,2
778,7
779,5
780,1
781,3
782,4
783,9
784,4
785,1
786,8
787,5
788,6
789,2
790,8
791,3
792,1
793,2
794,8
795,4
796,9
797,9
798,3
799,7
800,0
801,7
802,7
803,2
804,3
805,2
806,4
807,0
808,3
809,9
810,9
811,8
812,4
813,1
814,0
815,6
816,0
817,9
818,6
819,8
820,6
821,1
822,1
823,9
824,8
825,9
826,2
827,3
828,5
829,5
830,9
831,4
832,2
833,1
834,9
835,4
836,3
837,9
838,6
839,0
840,4
841,0
842,6
843,0
844,1
845,2
846,3
847,4
848,7
849,8
850,9
851,0
852,1
853,2
854,3
855,4
856,7
857,8
858,9
859,0
860,1
861,2
862,3
863,4
864,5
865,6
866,7
867,8
868,9
869,8
870,3
871,4
872,7
873,8
874,6
875,3
876,4
877,0
878,9
879,7
880,1
881,9
882,3
883,8
884,4
885,7
886,3
887,0
888,9
889,1
890,4
891,5
892,4
893,6
894,2
895,0
896,6
897,2
898,1
899,1
900,1
901,1
902,7
903,2
904,4
905,7
906,5
907,2
908,9
909,4
910,5
911,8
912,4
913,2
914,9
915,7
916,0
917,0
918,7
919,5
920,1
921,1
922,7
923,6
924,6
925,6
926,8
927,2
928,2
929,7
930,7
931,4
932,0
933,2
934,4
935,2
936,1
937,8
938,9
939,6
940,1
941,0
942,5
943,9
944,6
945,9
946,8
947,0
948,3
949,0
950,8
951,3
952,9
953,6
954,3
955,0
956,1
957,2
958,3
959,4
960,5
961,6
962,7
963,0
964,1
965,2
966,3
967,4
968,5
969,6
970,7
971,8
972,9
973,0
974,1
975,2
976,3
977,4
978,5
979,6
980,7
981,8
982,5
983,4
984,8
985,7
986,4
987,7
988,7
989,3
990,9
991,8
992,8
993,3
994,1
995,5
996,8
997,2
998,7
999,4
1000,2
1001,1
1002,5
1003,4
1004,5
1005,5
1006,8
1007,6
1008,4
1009,4
1010,4
1011,1
1012,8
1013,7
1014,5
1015,5
1016,1
1017,8
1018,9
1019,1
1020,3
1021,6
1022,3
1023,3
1024,2
1025,2
1026,6
1027,9
1028,9
1029,6
1030,5
1031,5
1032,3
1033,3
1034,8
1035,1
1036,6
1037,5
1038,6
1039,8
1040,1
1041,9
1042,7
1043,6
1044,8
1045,3
1046,7
1047,4
1048,7
1049,0
1050,9
1051,0
1052,0
1053,3
1054,7
1055,9
1056,3
1057,0
1058,2
1059,0
1060,1
1061,0
1062,1
1063,0
1064,4
1065,0
1066,1
1067,0
1068,4
1069,7
1070,9
1071,6
1072,2
1073,6
1074,2
1075,2
1076,9
1077,9
1078,0
1079,1
1080,2
1081,3
1082,4
1083,5
1084,6
1085,7
1086,8
1087,9
1088,0
1089,1
1090,2
1091,3
1092,4
1093,5
1094,6
1095,7
1096,8
1097,9
1098,0
1099,1
1100,2
1101,3
1102,4
1103,5
1104,6
1105,7
1106,8
1107,9
1108,8
1109,0
1110,5
1111,6
1112,6
1113,0
1114,8
1115,0
1116,2
1117,3
1118,7
1119,9
1120,4
1121,7
1122,1
1123,9
1124,1
1125,7
1126,1
1127,4
1128,0
1129,0
1130,4
1131,1
1132,7
1133,5
1134,7
1135,1
1136,3
1137,3
1138,3
1139,1
1140,6
1141,9
1142,7
1143,4
1144,3
1145,0
1146,2
1147,5
1148,2
1149,6
1150,0
1151,8
1152,9
1153,4
1154,3
1155,5
1156,4
1157,8
1158,1
1159,5
1160,9
1161,0
1162,6
1163,4
1164,3
1165,6
1166,3
1167,3
1168,8
1169,1
1170,4
1171,7
1172,5
1173,7
1174,2
1175,2
1176,0
1177,0
1178,1
1179,7
1180,7
1181,9
1182,5
1183,9
1184,8
1185,9
1186,6
1187,8
1188,8
1189,2
1190,3
1191,6
1192,1
1193,2
1194,9
1195,8
1196,9
1197,5
1198,2
1199,6
1200,2
1201,4
1202,8
1203,4
1204,6
1205,5
1206,0
1207,1
1208,5
1209,6
1210,7
1211,8
1212,9
1213,0
1214,1
1215,2
1216,3
1217,4
1218,5
1219,6
1220,7
1221,8
1222,9
1223,0
1224,1
1225,2
1226,3
1227,4
1228,5
1229,6
1230,7
1231,8
1232,9
1233,7
1234,4
1235,2
1236,0
1237,9
1238,0
1239,1
1240,5
1241,8
1242,8
1243,0
1244,2
1245,7
1246,8
1247,4
1248,4
1249,6
1250,1
1251,0
1252,4
1253,5
1254,3
1255,9
1256,4
1257,2
1258,0
1259,5
1260,0
1261,1
1262,3
1263,2
1264,9
1265,1
1266,6
1267,0
1268,1
1269,1
1270,8
1271,0
1272,4
1273,7
1274,7
1275,6
1276,3
1277,6
1278,0
1279,7
1280,3
1281,5
1282,4
1283,2
1284,4
1285,1
1286,8
1287,3
1288,5
1289,6
1290,7
1291,0
1292,6
1293,7
1294,1
1295,2
1296,5
1297,8
1298,1
1299,9
1300,3
1301,8
1302,2
1303,8
1304,7
1305,6
1306,7
1307,1
1308,4
1309,6
1310,2
1311,9
1312,3
1313,0
1314,1
1315,2
1316,3
1317,4
1318,5
1319,6
1320,7
1321,0
1322,1
1323,2
1324,3
1325,4
1326,5
1327,0
1328,1
1329,2
1330,8
1331,9
1332,1
1333,4
1334,0
1335,9
1336,5
1337,0
1338,8
1339,0
1340,7
1341,7
1342,1
1343,1
1344,2
1345,9
1346,3
1347,6
1348,7
1349,2
1350,3
1351,8
1352,1
1353,2
1354,9
1355,8
1356,8
1357,7
1358,1
1359,7
1360,1
1361,1
1362,0
1363,3
1364,4
1365,2
1366,6
1367,4
1368,7
1369,4
1370,2
1371,7
1372,4
1373,9
1374,1
1375,0
1376,6
1377,8
1378,5
1379,5
1380,5
1381,3
1382,5
1383,9
1384,7
1385,4
1386,8
1387,5
1388,9
1389,6
1390,9
1391,3
1392,0
1393,3
1394,8
1395,9
1396,1
1397,8
1398,1
1399,6
1400,0
1401,0
1402,1
1403,2
1404,3
1405,4
1406,5
1407,6
1408,7
1409,8
1410,9
1411,0
1412,1
1413,2
1414,3
1415,4
1416,5
1417,6
1418,7
1419,8
1420,9
1421,0
1422,1
1423,2
1424,3
1425,4
1426,5
1427,6
1428,7
1429,8
1430,9
1431,3
1432,5
1433,3
1434,2
1435,9
1436,3
1437,2
1438,1
1439,4
1440,5
1441,5
1442,2
1443,3
1444,2
1445,1
1446,3
1447,9
1448,7
1449,2
1450,1
1451,2
1452,8
1453,9
1454,1
1455,8
1456,8
1457,7
1458,8
1459,1
1460,0
1461,0
1462,7
1463,7
1464,8
1465,7
1466,5
1467,0
1468,6
1469,1
1470,5
1471,7
1472,4
1473,6
1474,1
1475,2
1476,5
1477,0
1478,7
1479,9
1480,9
1481,0
1482,3
1483,8
1484,4
1485,4
1486,8
1487,1
1488,8
1489,6
1490,5
1491,9
1492,0
1493,0
1494,0
1495,3
1496,7
1497,1
1498,6
1499,4
1500,2
1501,6
1502,6
1503,0
1504,4
1505,5
1506,4
1507,1
1508,3
1509,8
1510,6
1511,3
1512,9
1513,9
1514,5
1515,9
1516,3
1517,7
1518,8
1519,5
1520,6
1521,4
1522,7
1523,6
1524,2
1525,2
1526,0
1527,9
1528,4
1529,0
1530,1
1531,2
1532,3
1533,4
1534,5
1535,6
1536,7
1537,8
1538,9
1539,0
1540,1
1541,2
1542,3
1543,5
1544,6
1545,0
1546,1
1547,2
1548,3
1549,4
1550,5
1551,6
1552,8
1553,7
1554,1
1555,3
1556,2
1557,8
1558,0
1559,7
1560,5
1561,9
1562,9
1563,6
1564,0
1565,9
1566,4
1567,1
1568,3
1569,2
1570,1
1571,2
1572,3
1573,8
1574,3
1575,2
1576,6
1577,5
1578,6
1579,8
1580,2
1581,7
1582,4
1583,8
1584,1
1585,8
1586,0
1587,5
1588,3
1589,9
1590,4
1591,1
1592,9
1593,2
1594,1
1595,9
1596,6
1597,7
1598,9
1599,0
1600,4
1601,6
1602,1
1603,7
1604,3
1605,8
1606,7
1607,2
1608,9
1609,6
1610,5
1611,8
1612,3
1613,9
1614,0
1615,5
1616,7
1617,1
1618,6
1619,1
1620,0
1621,9
1622,3
1623,3
1624,4
1625,4
1626,0
1627,6
1628,2
1629,5
1630,4
1631,2
1632,3
1633,4
1634,6
1635,0
1636,0
1637,2
1638,0
1639,1
1640,4
1641,5
1642,6
1643,7
1644,8
1645,9
1646,0
1647,1
1648,2
1649,3
1650,4
1651,5
1652,6
1653,7
1654,8
1655,0
1656,1
1657,2
1658,3
1659,4
1660,5
1661,6
1662,7
1663,8
1664,9
1665,8
1666,7
1667,1
1668,3
1669,7
1670,5
1671,2
1672,8
1673,0
1674,7
1675,5
1676,9
1677,9
1678,0
1679,9
1680,1
1681,1
1682,5
1683,8
1684,8
1685,6
1686,3
1687,2
1688,1
1689,8
1690,3
1691,2
1692,6
1693,5
1694,6
1695,7
1696,4
1697,1
1698,0
1699,5
1700,3
1701,1
1702,9
1703,2
1704,1
1705,9
1706,6
1707,0
1708,4
1709,6
1710,1
1711,7
1712,3
1713,8
1714,7
1715,2
1716,9
1717,6
1718,5
1719,8
1720,3
1721,5
1722,7
1723,1
1724,6
1725,1
1726,0
1727,9
1728,6
1729,2
1730,5
1731,4
1732,2
1733,3
1734,4
1735,4
1736,6
1737,0
1738,0
1739,2
1740,0
1741,1
1742,2
1743,3
1744,4
1745,5
1746,6
1747,7
1748,8
1749,9
1750,0
1751,1
1752,2
1753,3
1754,4
1755,5
1756,6
1757,7
1758,8
1759,9
1760,0
1761,1
1762,2
1763,3
1764,4
1765,5
1766,6
1767,7
1768,8
1769,9
1770,8
1771,6
1772,5
1773,0
1774,6
1775,8
1776,9
1777,4
1778,1
1779,9
1780,5
1781,3
1782,0
1783,4
1784,8
1785,9
1786,1
1787,4
1788,0
1789,5
1790,5
1791,2
1792,1
1793,5
1794,4
1795,0
1796,7
1797,6
1798,0
1799,1
1800,7
1801,0
1802,6
1803,8
1804,9
1805,5
1806,1
1807,7
1808,9
1809,8
1810,6
1811,0
1812,8
1813,1
1814,7
1815,7
1816,1
1817,3
1818,2
1819,3
1820,1
1821,4
1822,2
1823,0
1824,0
1825,7
1826,8
1827,4
1828,6
1829,4
1830,9
1831,3
1832,8
1833,4
1834,7
1835,2
1836,5
1837,6
1838,3
1839,6
1840,9
1841,6
1842,3
1843,2
1844,2
1845,4
1846,6
1847,9
1848,0
1849,2
1850,5
1851,5
1852,1
1853,3
1854,3
1855,9
1856,7
1857,8
1858,7
1859,2
1860,2
1861,5
1862,7
1863,9
1864,8
1865,2
1866,1
1867,3
1868,1
1869,3
1870,0
1871,1
1872,2
1873,3
1874,4
1875,5
1876,6
1877,7
1878,8
1879,9
1880,0
1881,1
1882,2
1883,3
1884,4
1885,5
1886,6
1887,7
1888,8
1889,9
1890,0
1891,1
1892,2
1893,3
1894,4
1895,5
1896,6
1897,7
1898,8
1899,9
1900,1
1901,2
1902,6
1903,5
1904,3
1905,0
1906,7
1907,0
1908,4
1909,1
1910,4
1911,3
1912,6
1913,7
1914,2
1915,3
1916,1
1917,2
1918,1
1919,2
1920,9
1921,6
1922,0
1923,1
1924,3
1925,0
1926,2
1927,7
1928,5
1929,7
1930,6
1931,2
1932,9
1933,1
1934,9
1935,0
1936,6
1937,0
1938,6
1939,0
1940,2
1941,0
1942,6
1943,1
1944,5
1945,8
1946,4
1947,3
1948,0
1949,1
1950,5
1951,4
1952,4
1953,8
1954,5
1955,7
1956,5
1957,7
1958,8
1959,3
1960,4
1961,8
1962,8
1963,5
1964,2
1965,9
1966,7
1967,1
1968,3
1969,8
1970,1
1971,0
1972,7
1973,5
1974,9
1975,6
1976,9
1977,4
1978,7
1979,7
1980,9
1981,9
1982,3
1983,4
1984,4
1985,3
1986,8
1987,6
1988,2
1989,0
1990,1
1991,2
1992,3
1993,4
1994,5
1995,6
1996,7
1997,8
1998,9
1999,0
2000,1
2001,2
2002,3
2003,4
2004,5
2005,6
2006,7
2007,8
2008,9
2009,0
2010,1
2011,2
2012,3
2013,4
2014,5
2015,6
2016,7
2017,8
2018,9
2019,0
2020,8
2021,3
2022,9
2023,5
2024,5
2025,2
2026,6
2027,8
2028,4
2029,9
2030,1
2031,7
2032,1
2033,2
2034,3
2035,5
2036,9
2037,6
2038,9
2039,1
2040,1
2041,1
2042,2
2043,9
2044,5
2045,6
2046,8
2047,1
2048,2
2049,0
2050,7
2051,7
2052,5
2053,8
2054,2
2055,9
2056,8
2057,9
2058,0
2059,4
2060,6
2061,7
2062,1
2063,3
2064,4
2065,5
2066,6
2067,0
2068,3
2069,6
2070,8
2071,7
2072,0
2073,4
2074,2
2075,7
2076,4
2077,7
2078,5
2079,4
2080,3
2081,4
2082,2
2083,8
2084,1
2085,5
2086,1
2087,2
2088,0
2089,2
2090,5
2091,6
2092,4
2093,3
2094,0
2095,0
2096,0
2097,3
2098,3
2099,5
2100,7
2101,0
2102,6
2103,4
2104,8
2105,8
2106,6
2107,3
2108,4
2109,6
2110,9
2111,9
2112,8
2113,2
2114,7
2115,7
2116,1
2117,0
2118,1
2119,2
2120,3
2121,4
2122,5
2123,6
2124,7
2125,8
2126,9
2127,0
2128,1
2129,2
2130,3
2131,4
2132,5
2133,6
2134,7
2135,8
2136,0
2137,1
2138,2
2139,3
2140,4
2141,5
2142,6
2143,7
2144,8
2145,2
2146,1
2147,7
2148,2
2149,5
2150,0
2151,8
2152,0
2153,2
2154,7
2155,8
2156,8
2157,3
2158,6
2159,0
2160,2
2161,7
2162,6
2163,6
2164,1
2165,2
2166,8
2167,8
2168,7
2169,7
2170,4
2171,7
2172,7
2173,3
2174,7
2175,4
2176,5
2177,4
2178,3
2179,3
2180,8
2181,4
2182,1
2183,1
2184,9
2185,7
2186,4
2187,3
2188,7
2189,3
2190,3
2191,0
2192,2
2193,5
2194,5
2195,6
2196,6
2197,3
2198,5
2199,2
2200,5
2201,9
2202,9
2203,8
2204,4
2205,1
2206,0
2207,6
2208,0
2209,9
2210,6
2211,8
2212,8
2213,5
2214,6
2215,1
2216,1
2217,9
2218,8
2219,9
2220,2
2221,3
2222,5
2223,5
2224,9
2225,4
2226,2
2227,1
2228,9
2229,3
2230,9
2231,2
2232,0
2233,6
2234,0
2235,4
2236,0
2237,0
2238,1
2239,2
2240,3
2241,4
2242,7
2243,8
2244,9
2245,0
2246,1
2247,2
2248,3
2249,7
2250,8
2251,9
2252,0
2253,1
2254,2
2255,3
2256,4
2257,7
2258,8
2259,9
2260,7
2261,3
2262,0
2263,3
2264,1
2265,8
2266,7
2267,6
2268,4
2269,0
2270,2
2271,6
2272,8
2273,3
2274,2
2275,8
2276,1
2277,2
2278,0
2279,7
2280,1
2281,0
2282,4
2283,4
2284,5
2285,8
2286,0
2287,6
2288,2
2289,3
2290,1
2291,5
2292,1
2293,8
2294,5
2295,9
2296,4
2297,0
2298,7
2299,5
2300,8
2301,8
2302,3
2303,8
2304,9
2305,2
2306,6
2307,2
2308,5
2309,3
2310,1
2311,7
2312,3
2313,9
2314,1
2315,9
2316,9
2317,6
2318,0
2319,3
2320,9
2321,2
2322,8
2323,1
2324,4
2325,3
2326,5
2327,2
2328,9
2329,2
2330,5
2331,8
2332,9
2333,5
2334,0
2335,1
2336,2
2337,4
2338,5
2339,6
2340,0
2341,1
2342,2
2343,3
2344,4
2345,5
2346,6
2347,7
2348,1
2349,2
2350,3
2351,4
2352,5
2353,1
2354,0
2355,4
2356,5
2357,6
2358,6
2359,3
2360,4
2361,4
2362,2
2363,8
2364,1
2365,0
2366,6
2367,4
2368,9
2369,7
2370,2
2371,3
2372,3
2373,9
2374,2
2375,0
2376,9
2377,3
2378,3
2379,9
2380,1
2381,5
2382,2
2383,3
2384,7
2385,7
2386,8
2387,4
2388,0
2389,2
2390,4
2391,0
2392,2
2393,4
2394,7
2395,8
2396,0
2397,7
2398,0
2399,6
2400,9
2401,3
2402,2
2403,8
2404,6
2405,0
2406,5
2407,7
2408,5
2409,1
2410,0
2411,8
2412,1
2413,6
2414,7
2415,2
2416,9
2417,7
2418,9
2419,5
2420,8
2421,6
2422,2
2423,6
2424,2
2425,8
2426,1
2427,7
2428,5
2429,0
2430,1
2431,1
2432,3
2433,8
2434,4
2435,9
2436,1
2437,8
2438,6
2439,8
2440,9
2441,0
2442,1
2443,2
2444,3
2445,4
2446,5
2447,6
2448,7
2449,8
2450,9
2451,0
2452,1
2453,2
2454,3
2455,4
2456,7
2457,8
2458,9
2459,0
2460,1
2461,7
2462,8
2463,9
2464,9
2465,8
2466,9
2467,8
2468,4
2469,1
2470,7
2471,7
2472,3
2473,3
2474,7
2475,6
2476,6
2477,6
2478,1
2479,9
2480,0
2481,1
2482,7
2483,6
2484,3
2485,2
2486,1
2487,7
2488,1
2489,3
2490,9
2491,1
2492,7
2493,6
2494,8
2495,4
2496,1
2497,4
2498,3
2499,6
2500,9
2501,6
2502,1
2503,4
2504,4
2505,7
2506,2
2507,4
2508,4
2509,0
2510,1
2511,2
2512,3
2513,4
2514,5
2515,6
2516,7
2517,8
2518,9
2519,0
2520,1
2521,2
2522,3
2523,4
2524,5
2525,6
2526,9
2527,0
2528,1
2529,2
2530,3
2531,4
2532,7
2533,8
2534,1
2535,3
2536,5
2537,1
2538,7
2539,7
2540,2
2541,1
2542,4
2543,8
2544,3
2545,4
2546,4
2547,3
2548,9
2549,7
2550,4
2551,1
2552,2
2553,3
2554,5
2555,9
2556,1
2557,6
2558,0
2559,1
2560,0
2561,0
2562,2
2563,8
2564,7
2565,1
2566,1
2567,4
2568,0
2569,4
2570,7
2571,3
2572,6
2573,8
2574,0
2575,3
2576,7
2577,4
2578,0
2579,6
2580,9
2581,2
2582,6
2583,5
2584,8
2585,6
2586,9
2587,0
2588,4
2589,0
2590,6
2591,1
2592,9
2593,2
2594,0
2595,9
2596,5
2597,1
2598,3
2599,7
2600,6
2601,9
2602,3
2603,0
2604,2
2605,2
2606,0
2607,1
2608,2
2609,3
2610,4
2611,5
2612,6
2613,7
2614,8
2615,9
2616,0
2617,1
2618,2
2619,3
2620,4
2621,5
2622,6
2623,7
2624,8
2625,9
2626,0
2627,1
2628,2
2629,3
2630,4
2631,5
2632,6
2633,7
2634,8
2635,9
2636,2
2637,1
2638,7
2639,2
2640,5
2641,0
2642,8
2643,0
2644,2
2645,7
2646,8
2647,8
2648,3
2649,0
2650,6
2651,0
2652,2
2653,7
2654,6
2655,6
2656,1
2657,2
2658,8
2659,8
2660,7
2661,7
2662,4
2663,7
2664,7
2665,3
2666,7
2667,4
2668,5
2669,4
2670,3
2671,3
2672,8
2673,4
2674,5
2675,4
2676,1
2677,1
2678,9
2679,7
2680,4
2681,3
2682,7
2683,3
2684,3
2685,0
2686,2
2687,5
2688,5
2689,6
2690,3
2691,1
2692,5
2693,2
2694,5
2695,9
2696,9
2697,8
2698,4
2699,1
2700,0
2701,6
2702,0
2703,9
2704,6
2705,8
2706,8
2707,5
2708,6
2709,1
2710,1
2711,9
2712,8
2713,9
2714,2
2715,3
2716,5
2717,5
2718,9
2719,4
2720,2
2721,1
2722,9
2723,4
2724,9
2725,1
2726,3
2727,9
2728,2
2729,0
2730,6
2731,0
2732,4
2733,0
2734,6
2735,0
2736,1
2737,2
2738,3
2739,4
2740,5
2741,6
2742,7
2743,8
2744,9
2745,0
2746,1
2747,2
2748,3
2749,4
2750,5
2751,6
2752,7
2753,8
2754,9
2755,0
2756,1
2757,2
2758,3
2759,4
2760,5
2761,6
2762,7
2763,8
2764,9
2765,3
2766,8
2767,0
2768,7
2769,1
2770,0
2771,7
2772,5
2773,5
2774,6
2775,9
2776,0
2777,1
2778,0
2779,0
2780,8
2781,3
2782,4
2783,3
2784,1
2785,5
2786,0
2787,0
2788,9
2789,5
2790,3
2791,4
2792,9
2793,3
2794,7
2795,6
2796,9
2797,2
2798,4
2799,5
2800,7
2801,2
2802,6
2803,4
2804,9
2805,4
2806,9
2807,4
2808,1
2809,2
2810,2
2811,5
2812,8
2813,1
2814,3
2815,2
2816,9
2817,4
2818,3
2819,8
2820,2
2821,2
2822,1
2823,2
2824,8
2825,6
2826,5
2827,1
2828,6
2829,7
2830,2
2831,1
2832,3
2833,9
2834,3
2835,8
2836,7
2837,5
2838,7
2839,0
2840,7
2841,4
2842,8
2843,8
2844,5
2845,0
2846,6
2847,6
2848,3
2849,7
2850,6
2851,9
2852,9
2853,4
2854,8
2855,4
2856,1
2857,0
2858,6
2859,6
2860,0
2861,1
2862,2
2863,3
2864,4
2865,5
2866,6
2867,7
2868,8
2869,9
2870,0
2871,1
2872,2
2873,3
2874,4
2875,5
2876,6
2877,7
2878,8
2879,9
2880,0
2881,1
2882,2
2883,3
2884,4
2885,5
2886,6
2887,7
2888,8
2889,9
2890,7
2891,4
2892,0
2893,4
2894,0
2895,1
2896,7
2897,9
2898,5
2899,1
2900,4
2901,2
2902,8
2903,9
2904,4
2905,3
2906,7
2907,8
2908,2
2909,4
2910,4
2911,3
2912,3
2913,6
2914,9
2915,9
2916,5
2917,8
2918,6
2919,7
2920,0
2921,6
2922,8
2923,2
2924,6
2925,3
2926,9
2927,3
2928,2
2929,8
2930,6
2931,1
2932,7
2933,4
2934,8
2935,8
2936,9
2937,0
2938,3
2939,3
2940,9
2941,0
2942,5
2943,2
2944,9
2945,4
2946,1
2947,0
2948,3
2949,7
2950,5
2951,8
2952,7
2953,7
2954,8
2955,2
2956,9
2957,7
2958,1
2959,2
2960,6
2961,4
2962,2
2963,5
2964,2
2965,3
2966,6
2967,6
2968,5
2969,0
2970,0
2971,2
2972,8
2973,1
2974,6
2975,1
2976,0
2977,4
2978,3
2979,1
2980,6
2981,1
2982,9
2983,0
2984,1
2985,4
2986,5
2987,6
2988,7
2989,8
2990,9
2991,1
2992,2
2993,3
2994,4
2995,5
2996,6
2997,7
2998,0
2999,1
3000,2
3001,3
3002,4
3003,5
3004,6
3005,7
3006,8
3007,9
3008,8
3009,4
3010,0
3011,0
3012,7
3013,2
3014,4
3015,3
3016,8
3017,6
3018,6
3019,3
3020,2
3021,6
3022,3
3023,3
3024,0
3025,1
3026,4
3027,7
3028,8
3029,0
3030,3
3031,1
3032,9
3033,0
3034,1
3035,9
3036,1
3037,2
3038,7
3039,0
3040,1
3041,3
3042,8
3043,2
3044,9
3045,2
3046,7
3047,6
3048,5
3049,5
3050,9
3051,9
3052,8
3053,2
3054,9
3055,1
3056,3
3057,2
3058,3
3059,4
3060,3
3061,1
3062,9
3063,0
3064,9
3065,3
3066,6
3067,8
3068,7
3069,0
3070,1
3071,0
3072,5
3073,8
3074,2
3075,7
3076,7
3077,0
3078,1
3079,2
3080,3
3081,4
3082,5
3083,6
3084,7
3085,8
3086,9
3087,0
3088,1
3089,2
3090,3
3091,4
3092,5
3093,6
3094,7
3095,8
3096,9
3097,0
3098,1
3099,2
3100,3
3101,4
3102,5
3103,6
3104,7
3105,8
3106,9
3107,1
3108,7
3109,4
3110,8
3111,1
3112,5
3113,6
3114,5
3115,7
3116,2
3117,8
3118,6
3119,3
3120,3
3121,8
3122,6
3123,5
3124,4
3125,0
3126,9
3127,1
3128,7
3129,2
3130,9
3131,1
3132,5
3133,1
3134,3
3135,2
3136,2
3137,3
3138,0
3139,6
3140,4
3141,3
3142,7
3143,6
3144,9
3145,0
3146,4
3147,8
3148,1
3149,4
3150,0
3151,6
3152,1
3153,2
3154,6
3155,9
3156,2
3157,2
3158,3
3159,5
3160,5
3161,1
3162,0
3163,7
3164,7
3165,9
3166,6
3167,2
3168,9
3169,4
3170,7
3171,0
3172,2
3173,3
3174,4
3175,0
3176,0
3177,8
3178,8
3179,8
3180,5
3181,1
3182,3
3183,7
3184,4
3185,9
3186,8
3187,8
3188,9
3189,0
3190,9
3191,8
3192,9
3193,0
3194,2
3195,6
3196,5
3197,6
3198,7
3199,4
3200,7
3201,5
3202,4
3203,1
3204,3
3205,5
3206,3
3207,1
3208,2
3209,3
3210,4
3211,5
3212,6
3213,1
3214,2
3215,3
3216,4
3217,6
3218,0
3219,1
3220,2
3221,4
3222,5
3223,6
3224,7
3225,8
3226,1
3227,7
3228,2
3229,4
3230,1
3231,4
3232,1
3233,4
3234,9
3235,6
3236,8
3237,4
3238,5
3239,3
3240,7
3241,8
3242,4
3243,3
3244,3
3245,5
3246,6
3247,7
3248,0
3249,6
3250,1
3251,6
3252,8
3253,7
3254,0
3255,1
3256,5
3257,0
3258,8
3259,5
3260,0
3261,1
3262,5
3263,8
3264,4
3265,2
3266,3
3267,9
3268,7
3269,6
3270,9
3271,1
3272,9
3273,0
3274,6
3275,7
3276,1
3277,2
3278,3
3279,9
3280,2
3281,4
3282,5
3283,5
3284,3
3285,7
3286,5
3287,3
3288,1
3289,8
3290,2
3291,2
3292,3
3293,0
3294,2
3295,9
3296,4
3297,9
3298,7
3299,0
3300,2
3301,7
3302,4
3303,9
3304,9
3305,2
3306,5
3307,9
3308,8
3309,3
3310,8
3311,6
3312,7
3313,0
3314,0
3315,1
3316,2
3317,3
3318,4
3319,5
3320,6
3321,7
3322,8
3323,9
3324,0
3325,1
3326,2
3327,3
3328,4
3329,5
3330,6
3331,7
3332,8
3333,9
3334,0
3335,1
3336,2
3337,3
3338,4
3339,5
3340,6
3341,7
3342,8
3343,9
3344,0
3345,0
3346,7
3347,2
3348,6
3349,5
3350,5
3351,3
3352,7
3353,8
3354,6
3355,6
3356,6
3357,6
3358,4
3359,3
3360,8
3361,8
3362,3
3363,0
3364,1
3365,9
3366,0
3367,5
3368,4
3369,1
3370,9
3371,1
3372,2
3373,7
3374,0
3375,1
3376,3
3377,8
3378,2
3379,9
3380,2
3381,7
3382,4
3383,2
3384,6
3385,5
3386,5
3387,9
3388,9
3389,1
3390,1
3391,5
3392,7
3393,6
3394,8
3395,2
3396,9
3397,4
3398,3
3399,1
3400,9
3401,0
3402,9
3403,3
3404,6
3405,8
3406,7
3407,0
3408,1
3409,0
3410,5
3411,8
3412,2
3413,7
3414,7
3415,0
3416,1
3417,2
3418,3
3419,4
3420,5
3421,6
3422,7
3423,8
3424,9
3425,0
3426,1
3427,2
3428,3
3429,4
3430,5
3431,8
3432,9
3433,0
3434,1
3435,2
3436,3
3437,4
3438,5
3439,6
3440,7
3441,8
3442,9
3443,2
3444,1
3445,2
3446,1
3447,3
3448,9
3449,9
3450,8
3451,5
3452,3
3453,7
3454,0
3455,7
3456,7
3457,5
3458,7
3459,9
3460,9
3461,4
3462,7
3463,0
3464,3
3465,4
3466,1
3467,5
3468,8
3469,1
3470,4
3471,8
3472,4
3473,1
3474,8
3475,6
3476,6
3477,4
3478,6
3479,0
3480,5
3481,5
3482,3
3483,3
3484,5
3485,7
3486,2
3487,5
3488,9
3489,6
3490,9
3491,2
3492,6
3493,2
3494,1
3495,2
3496,0
3497,8
3498,3
3499,8
3500,3
3501,0
3502,8
3503,7
3504,4
3505,9
3506,5
3507,0
3508,9
3509,7
3510,0
3511,0
3512,4
3513,6
3514,0
3515,9
3516,1
3517,6
3518,2
3519,7
3520,6
3521,8
3522,3
3523,5
3524,2
3525,1
3526,8
3527,3
3528,8
3529,6
3530,1
3531,0
3532,2
3533,1
3534,4
3535,0
3536,1
3537,2
3538,3
3539,4
3540,5
3541,6
3542,7
3543,8
3544,9
3545,0
3546,1
3547,2
3548,3
3549,4
3550,5
3551,6
3552,7
3553,8
3554,9
3555,0
3556,1
3557,2
3558,3
3559,4
3560,5
3561,6
3562,7
3563,8
3564,9
3565,7
3566,6
3567,4
3568,7
3569,6
3570,2
3571,3
3572,4
3573,8
3574,7
3575,8
3576,6
3577,9
3578,8
3579,3
3580,2
3581,2
3582,8
3583,4
3584,8
3585,5
3586,6
3587,5
3588,0
3589,2
3590,0
3591,1
3592,1
3593,2
3594,9
3595,6
3596,8
3597,2
3598,1
3599,0
3600,6
3601,5
3602,2
3603,9
3604,7
3605,5
3606,3
3607,9
3608,3
3609,7
3610,1
3611,8
3612,3
3613,8
3614,1
3615,9
3616,5
3617,5
3618,0
3619,1
3620,1
3621,9
3622,8
3623,2
3624,6
3625,0
3626,4
3627,5
3628,0
3629,3
3630,1
3631,8
3632,6
3633,7
3634,5
3635,9
3636,9
3637,3
3638,0
3639,3
3640,1
3641,4
3642,4
3643,0
3644,4
3645,9
3646,0
3647,1
3648,2
3649,3
3650,5
3651,6
3652,7
3653,8
3654,0
3655,1
3656,2
3657,3
3658,5
3659,6
3660,7
3661,8
3662,9
3663,0
3664,1
3665,2
3666,3
3667,5
3668,6
3669,7
3670,8
3671,9
3672,9
3673,7
3674,0
3675,9
3676,0
3677,1
3678,5
3679,8
3680,8
3681,0
3682,9
3683,3
3684,2
3685,7
3686,8
3687,4
3688,6
3689,1
3690,0
3691,4
3692,9
3693,4
3694,2
3695,0
3696,5
3697,0
3698,1
3699,6
3700,9
3701,3
3702,2
3703,9
3704,1
3705,6
3706,0
3707,1
3708,1
3709,8
3710,7
3711,7
3712,6
3713,3
3714,6
3715,0
3716,7
3717,2
3718,4
3719,1
3720,7
3721,0
3722,6
3723,7
3724,1
3725,2
3726,5
3727,8
3728,1
3729,8
3730,2
3731,8
3732,7
3733,6
3734,8
3735,7
3736,1
3737,6
3738,2
3739,9
3740,3
3741,0
3742,1
3743,2
3744,3
3745,4
3746,5
3747,6
3748,7
3749,8
3750,9
3751,0
3752,1
3753,2
3754,3
3755,4
3756,5
3757,6
3758,7
3759,8
3760,9
3761,0
3762,1
3763,2
3764,3
3765,4
3766,5
3767,6
3768,7
3769,8
3770,9
3771,8
3772,9
3773,5
3774,7
3775,0
3776,3
3777,1
3778,6
3779,8
3780,4
3781,1
3782,5
3783,6
3784,4
3785,2
3786,7
3787,8
3788,1
3789,3
3790,4
3791,3
3792,4
3793,7
3794,2
3795,0
3796,5
3797,0
3798,1
3799,9
3800,2
3801,3
3802,2
3803,3
3804,5
3805,5
3806,7
3807,8
3808,4
3809,9
3810,9
3811,7
3812,1
3813,1
3814,9
3815,0
3816,7
3817,8
3818,3
3819,4
3820,8
3821,6
3822,3
3823,8
3824,0
3825,9
3826,6
3827,2
3828,1
3829,0
3830,1
3831,0
3832,6
3833,2
3834,3
3835,8
3836,9
3837,0
3838,7
3839,2
3840,3
3841,4
3842,5
3843,5
3844,2
3845,8
3846,5
3847,4
3848,6
3849,6
3850,6
3851,7
3852,9
3853,1
3854,8
3855,2
3856,1
3857,5
3858,3
3859,4
3860,7
3861,9
3862,4
3863,0
3864,0
3865,0
3866,1
3867,2
3868,3
3869,4
3870,5
3871,6
3872,7
3873,8
3874,9
3875,0
3876,1
3877,2
3878,3
3879,4
3880,5
3881,6
3882,7
3883,8
3884,9
3885,0
3886,1
3887,2
3888,3
3889,4
3890,5
3891,6
3892,9
3893,0
3894,1
3895,3
3896,1
3897,5
3898,1
3899,2
3900,4
3901,9
3902,2
3903,4
3904,6
3905,8
3906,0
3907,1
3908,1
3909,9
3910,2
3911,6
3912,6
3913,8
3914,7
3915,4
3916,2
3917,9
3918,7
3919,0
3920,2
3921,1
3922,0
3923,3
3924,6
3925,0
3926,1
3927,2
3928,3
3929,4
3930,5
3931,6
3932,7
3933,8
3934,9
3935,0
3936,1
3937,2
3938,3
3939,4
3940,5
3941,6
3942,7
3943,8
3944,9
3945,0
3946,1
3947,2
3948,3
3949,4
3950,5
3951,6
3952,7
3953,8
3954,9
3955,8
3956,6
3957,5
3958,9
3959,7
3960,0
3961,2
3962,3
3963,4
3964,3
3965,8
3966,5
3967,1
3968,5
3969,2
3970,3
3971,0
3972,1
3973,2
3974,1
3975,3
3976,2
3977,6
3978,5
3979,3
3980,0
3981,7
3982,2
3983,7
3984,4
3985,6
3986,4
3987,0
3988,5
3989,9
3990,9
3991,8
3992,9
3993,5
3994,3
3995,1
3996,7
3997,4
3998,7
3999,6
4000,5
4001,4
4002,0
4003,0
4004,6
4005,6
4006,2
4007,0
4008,6
4009,3
4010,7
4011,7
4012,4
4013,4
4014,3
4015,9
4016,2
4017,8
4018,9
4019,6
4020,0
4021,9
4022,5
4023,3
4024,8
4025,8
4026,7
4027,1
4028,4
4029,0
4030,4
4031,8
4032,5
4033,2
4034,3
4035,9
4036,0
4037,1
4038,9
4039,1
4040,5
4041,1
4042,7
4043,4
4044,8
4045,6
4046,2
4047,1
4048,6
4049,8
4050,8
4051,0
4052,1
4053,2
4054,3
4055,4
4056,7
4057,8
4058,9
4059,0
4060,1
4061,2
4062,3
4063,4
4064,6
4065,7
4066,8
4067,9
4068,0
4069,1
4070,2
4071,3
4072,4
4073,7
4074,8
4075,9
4076,1
4077,4
4078,5
4079,3
4080,3
4081,0
4082,9
4083,5
4084,4
4085,3
4086,0
4087,8
4088,4
4089,6
4090,7
4091,0
4092,7
4093,7
4094,1
4095,6
4096,9
4097,1
4098,3
4099,6
4100,2
4101,3
4102,8
4103,2
4104,3
4105,8
4106,9
4107,5
4108,8
4109,8
4110,7
4111,1
4112,7
4113,1
4114,1
4115,0
4116,3
4117,4
4118,2
4119,6
4120,4
4121,7
4122,4
4123,2
4124,7
4125,4
4126,2
4127,9
4128,2
4129,7
4130,9
4131,2
4132,1
4133,0
4134,6
4135,5
4136,3
4137,4
4138,8
4139,5
4140,9
4141,6
4142,9
4143,0
4144,6
4145,3
4146,0
4147,8
4148,1
4149,6
4150,0
4151,0
4152,1
4153,2
4154,3
4155,4
4156,5
4157,6
4158,7
4159,0
4160,1
4161,2
4162,3
4163,4
4164,7
4165,8
4166,9
4167,0
4168,1
4169,2
4170,3
4171,4
4172,7
4173,2
4174,5
4175,1
4176,6
4177,4
4178,3
4179,9
4180,9
4181,0
4182,9
4183,7
4184,1
4185,6
4186,4
4187,3
4188,6
4189,2
4190,0
4191,9
4192,8
4193,6
4194,5
4195,7
4196,0
4197,0
4198,1
4199,7
4200,4
4201,3
4202,2
4203,4
4204,1
4205,3
4206,7
4207,6
4208,4
4209,7
4210,7
4211,7
4212,9
4213,8
4214,4
4215,3
4216,8
4217,2
4218,8
4219,3
4220,5
4221,8
4222,0
4223,5
4224,4
4225,7
4226,1
4227,3
4228,1
4229,7
4230,9
4231,6
4232,2
4233,0
4234,9
4235,1
4236,7
4237,3
4238,3
4239,9
4240,1
4241,6
4242,4
4243,3
4244,9
4245,8
4246,2
4247,1
4248,8
4249,6
4250,4
4251,1
4252,5
4253,5
4254,6
4255,5
4256,0
4257,1
4258,2
4259,3
4260,4
4261,5
4262,6
4263,7
4264,8
4265,9
4266,0
4267,1
4268,2
4269,3
4270,4
4271,5
4272,6
4273,7
4274,8
4275,9
4276,0
4277,1
4278,2
4279,3
4280,4
4281,5
4282,6
4283,7
4284,8
4285,9
4286,6
4287,9
4288,7
4289,0
4290,2
4291,3
4292,4
4293,3
4294,8
4295,5
4296,1
4297,3
4298,0
4299,1
4300,2
4301,1
4302,3
4303,2
4304,0
4305,7
4306,2
4307,6
4308,4
4309,0
4310,5
4311,9
4312,9
4313,8
4314,9
4315,5
4316,3
4317,1
4318,7
4319,4
4320,7
4321,0
4322,0
4323,6
4324,6
4325,6
4326,3
4327,7
4328,4
4329,2
4330,8
4331,9
4332,8
4333,7
4334,1
4335,4
4336,0
4337,4
4338,8
4339,5
4340,2
4341,3
4342,9
4343,0
4344,1
4345,9
4346,1
4347,5
4348,1
4349,7
4350,6
4351,1
4352,2
4353,1
4354,6
4355,8
4356,0
4357,1
4358,2
4359,3
4360,4
4361,5
4362,6
4363,7
4364,8
4365,9
4366,0
4367,1
4368,2
4369,3
4370,4
4371,5
4372,6
4373,7
4374,8
4375,0
4376,1
4377,2
4378,3
4379,5
4380,6
4381,7
4382,8
4383,1
4384,0
4385,4
4386,5
4387,6
4388,6
4389,3
4390,4
4391,4
4392,2
4393,8
4394,1
4395,0
4396,6
4397,4
4398,9
4399,7
4400,2
4401,9
4402,2
4403,0
4404,9
4405,3
4406,3
4407,9
4408,1
4409,5
4410,2
4411,3
4412,1
4413,6
4414,7
4415,3
4416,7
4417,8
4418,4
4419,0
4420,2
4421,4
4422,0
4423,2
4424,4
4425,7
4426,8
4427,0
4428,7
4429,0
4430,6
4431,9
4432,3
4433,2
4434,4
4435,8
4436,6
4437,0
4438,5
4439,7
4440,5
4441,1
4442,0
4443,8
4444,1
4445,6
4446,7
4447,2
4448,9
4449,7
4450,9
4451,5
4452,6
4453,5
4454,2
4455,6
4456,2
4457,8
4458,1
4459,7
4460,5
4461,5
4462,7
4463,3
4464,5
4465,0
4466,1
4467,1
4468,3
4469,8
4470,4
4471,9
4472,4
4473,5
4474,1
4475,8
4476,6
4477,8
4478,9
4479,0
4480,1
4481,2
4482,3
4483,4
4484,5
4485,6
4486,7
4487,8
4488,9
4489,0
4490,1
4491,2
4492,3
4493,4
4494,5
4495,6
4496,7
4497,8
4498,9
4499,0
4500,1
4501,2
4502,3
4503,4
4504,5
4505,6
4506,7
4507,8
4508,9
4509,3
4510,5
4511,3
4512,2
4513,9
4514,3
4515,2
4516,1
4517,4
4518,5
4519,5
4520,2
4521,3
4522,2
4523,1
4524,3
4525,9
4526,7
4527,2
4528,1
4529,2
4530,8
4531,9
4532,1
4533,8
4534,8
4535,7
4536,8
4537,1
4538,0
4539,0
4540,6
4541,7
4542,7
4543,8
4544,7
4545,5
4546,0
4547,6
4548,1
4549,5
4550,7
4551,4
4552,6
4553,1
4554,2
4555,5
4556,0
4557,7
4558,9
4559,9
4560,0
4561,3
4562,4
4563,4
4564,8
4565,4
4566,1
4567,8
4568,6
4569,5
4570,9
4571,0
4572,0
4573,0
4574,3
4575,7
4576,1
4577,6
4578,4
4579,6
4580,0
4581,4
4582,5
4583,4
4584,1
4585,3
4586,8
4587,6
4588,3
4589,9
4590,9
4591,5
4592,9
4593,3
4594,7
4595,8
4596,5
4597,6
4598,4
4599,7
4600,6
4601,2
4602,2
4603,0
4604,9
4605,4
4606,0
4607,1
4608,2
4609,3
4610,4
4611,5
4612,6
4613,7
4614,8
4615,9
4616,0
4617,1
4618,2
4619,3
4620,4
4621,5
4622,6
4623,7
4624,8
4625,9
4626,0
4627,1
4628,2
4629,3
4630,4
4631,5
4632,6
4633,7
4634,8
4635,9
4636,6
4637,4
4638,2
4639,6
4640,4
4641,7
4642,5
4643,5
4644,4
4645,7
4646,2
4647,9
4648,3
4649,9
4650,3
4651,8
4652,2
4653,0
4654,9
4655,5
4656,6
4657,0
4658,1
4659,0
4660,6
4661,5
4662,3
4663,5
4664,3
4665,8
4666,0
4667,0
4668,3
4669,4
4670,1
4671,5
4672,3
4673,0
4674,8
4675,3
4676,0
4677,6
4678,2
4679,7
4680,8
4681,1
4682,7
4683,1
4684,3
4685,8
4686,5
4687,4
4688,2
4689,0
4690,9
4691,7
4692,6
4693,7
4694,4
4695,1
4696,6
4697,2
4698,6
4699,7
4700,1
4701,9
4702,8
4703,0
4704,6
4705,9
4706,4
4707,9
4708,9
4709,6
4710,2
4711,3
4712,7
4713,1
4714,9
4715,2
4716,2
4717,5
4718,3
4719,7
4720,8
4721,0
4722,1
4723,2
4724,3
4725,4
4726,7
4727,8
4728,9
4729,0
4730,1
4731,2
4732,3
4733,4
4734,7
4735,8
4736,9
4737,0
4738,1
4739,7
4740,8
4741,9
4742,8
4743,9
4744,2
4745,6
4746,1
4747,3
4748,5
4749,4
4750,8
4751,2
4752,6
4753,4
4754,3
4755,4
4756,5
4757,9
4758,2
4759,0
4760,3
4761,9
4762,4
4763,9
4764,7
4765,3
4766,8
4767,7
4768,4
4769,4
4770,9
4771,8
4772,5
4773,8
4774,2
4775,6
4776,6
4777,2
4778,3
4779,1
4780,3
4781,2
4782,7
4783,3
4784,1
4785,9
4786,0
4787,1
4788,1
4789,3
4790,5
4791,0
4792,7
4793,8
4794,1
4795,5
4796,1
4797,4
4798,6
4799,0
4800,0
4801,4
4802,9
4803,1
4804,6
4805,6
4806,9
4807,0
4808,7
4809,6
4810,1
4811,1
4812,0
4813,1
4814,2
4815,3
4816,4
4817,7
4818,2
4819,3
4820,4
4821,5
4822,6
4823,7
4824,0
4825,1
4826,2
4827,7
4828,8
4829,6
4830,3
4831,9
4832,7
4833,1
4834,9
4835,3
4836,9
4837,6
4838,1
4839,7
4840,2
4841,4
4842,4
4843,5
4844,7
4845,0
4846,0
4847,1
4848,6
4849,6
4850,8
4851,2
4852,7
4853,7
4854,2
4855,4
4856,2
4857,1
4858,6
4859,1
4860,0
4861,6
4862,9
4863,8
4864,3
4865,9
4866,6
4867,3
4868,0
4869,1
4870,2
4871,3
4872,4
4873,5
4874,6
4875,7
4876,8
4877,9
4878,0
4879,1
4880,2
4881,3
4882,4
4883,5
4884,6
4885,7
4886,8
4887,9
4888,0
4889,1
4890,2
4891,3
4892,4
4893,5
4894,6
4895,7
4896,8
4897,9
4898,1
4899,6
4900,8
4901,9
4902,9
4903,0
4904,1
4905,2
4906,4
4907,4
4908,3
4909,7
4910,4
4911,4
4912,4
4913,0
4914,3
4915,8
4916,7
4917,5
4918,8
4919,2
4920,1
4921,7
4922,5
4923,3
4924,8
4925,5
4926,2
4927,5
4928,1
4929,1
4930,6
4931,2
4932,1
4933,3
4934,8
4935,6
4936,4
4937,2
4938,6
4939,2
4940,5
4941,5
4942,0
4943,2
4944,8
4945,0
4946,6
4947,8
4948,1
4949,7
4950,9
4951,1
4952,9
4953,2
4954,6
4955,7
4956,6
4957,6
4958,8
4959,7
4960,4
4961,9
4962,2
4963,1
4964,3
4965,3
4966,0
4967,5
4968,5
4969,8
4970,0
4971,3
4972,7
4973,9
4974,7
4975,0
4976,2
4977,7
4978,9
4979,1
4980,7
4981,8
4982,0
4983,3
4984,5
4985,3
4986,6
4987,0
4988,1
4989,2
4990,3
4991,4
4992,5
4993,6
4994,7
4995,8
4996,9
4997,0
4998,1
4999,2
5000,3
5001,4
5002,5
5003,6
5004,7
5005,8
5006,9
5007,0
5008,1
5009,2
5010,3
5011,4
5012,7
5013,8
5014,9
5015,6
5016,4
5017,2
5018,6
5019,4
5020,7
5021,8
5022,9
5023,2
5024,9
5025,3
5026,9
5027,3
5028,0
5029,0
5030,1
5031,0
5032,4
5033,2
5034,6
5035,3
5036,5
5037,3
5038,0
5039,3
5040,4
5041,1
5042,5
5043,3
5044,0
5045,8
5046,3
5047,0
5048,6
5049,1
5050,7
5051,8
5052,0
5053,9
5054,2
5055,6
5056,7
5057,1
5058,9
5059,6
5060,9
5061,4
5062,9
5063,9
5064,6
5065,7
5066,1
5067,2
5068,5
5069,3
5070,7
5071,8
5072,0
5073,1
5074,2
5075,4
5076,5
5077,6
5078,7
5079,8
5080,9
5081,0
5082,1
5083,3
5084,4
5085,5
5086,6
5087,7
5088,8
5089,0
5090,1
5091,3
5092,4
5093,7
5094,8
5095,9
5096,7
5097,5
5098,5
5099,1
5100,9
5101,9
5102,7
5103,1
5104,0
5105,0
5106,5
5107,9
5108,7
5109,1
5110,7
5111,2
5112,2
5113,3
5114,6
5115,8
5116,3
5117,2
5118,0
5119,0
5120,6
5121,1
5122,7
5123,5
5124,8
5125,6
5126,2
5127,9
5128,4
5129,8
5130,8
5131,7
5132,1
5133,0
5134,8
5135,7
5136,7
5137,5
5138,8
5139,5
5140,3
5141,4
5142,6
5143,1
5144,1
5145,5
5146,5
5147,0
5148,7
5149,2
5150,3
5151,6
5152,4
5153,1
5154,2
5155,4
5156,1
5157,5
5158,4
5159,2
5160,0
5161,4
5162,8
5163,6
5164,1
5165,9
5166,0
5167,2
5168,5
5169,6
5170,9
5171,3
5172,6
5173,3
5174,6
5175,0
5176,1
5177,2
5178,3
5179,4
5180,5
5181,6
5182,7
5183,8
5184,9
5185,0
5186,1
5187,2
5188,3
5189,4
5190,5
5191,6
5192,7
5193,8
5194,9
5195,0
5196,1
5197,2
5198,3
5199,5
5200,6
5201,7
5202,8
5203,1
5204,0
5205,9
5206,5
5207,7
5208,5
5209,1
5210,8
5211,6
5212,9
5213,0
5214,4
5215,1
5216,9
5217,3
5218,8
5219,4
5220,4
5221,7
5222,0
5223,1
5224,9
5225,2
5226,8
5227,7
5228,8
5229,2
5230,5
5231,9
5232,6
5233,0
5234,6
5235,5
5236,5
5237,3
5238,3
5239,3
5240,9
5241,8
5242,1
5243,1
5244,0
5245,6
5246,1
5247,0
5248,0
5249,6
5250,2
5251,1
5252,1
5253,3
5254,2
5255,7
5256,7
5257,8
5258,8
5259,7
5260,8
5261,4
5262,6
5263,0
5264,2
5265,0
5266,7
5267,0
5268,3
5269,6
5270,8
5271,7
5272,1
5273,5
5274,9
5275,9
5276,3
5277,7
5278,2
5279,4
5280,9
5281,4
5282,3
5283,6
5284,2
5285,2
5286,5
5287,3
5288,2
5289,5
5290,5
5291,9
5292,4
5293,1
5294,7
5295,2
5296,0
5297,1
5298,2
5299,3
5300,4
5301,5
5302,6
5303,7
5304,8
5305,9
5306,0
5307,1
5308,2
5309,3
5310,4
5311,5
5312,6
5313,7
5314,8
5315,9
5316,0
5317,1
5318,2
5319,3
5320,4
5321,5
5322,6
5323,7
5324,8
5325,9
5326,1
5327,0
5328,1
5329,2
5330,7
5331,5
5332,3
5333,4
5334,4
5335,0
5336,0
5337,6
5338,9
5339,6
5340,6
5341,5
5342,7
5343,2
5344,3
5345,4
5346,4
5347,9
5348,1
5349,4
5350,0
5351,7
5352,9
5353,5
5354,7
5355,2
5356,3
5357,1
5358,4
5359,4
5360,0
5361,9
5362,9
5363,6
5364,1
5365,8
5366,3
5367,3
5368,7
5369,3
5370,9
5371,8
5372,8
5373,4
5374,7
5375,7
5376,6
5377,2
5378,1
5379,9
5380,8
5381,7
5382,8
5383,8
5384,7
5385,2
5386,2
5387,3
5388,9
5389,3
5390,3
5391,5
5392,5
5393,0
5394,7
5395,9
5396,5
5397,6
5398,5
5399,1
5400,4
5401,1
5402,1
5403,2
5404,8
5405,2
5406,6
5407,1
5408,5
5409,0
5410,1
5411,2
5412,3
5413,4
5414,5
5415,6
5416,7
5417,8
5418,9
5419,0
5420,1
5421,2
5422,3
5423,4
5424,5
5425,6
5426,7
5427,8
5428,9
5429,0
5430,1
5431,2
5432,3
5433,4
5434,5
5435,6
5436,7
5437,8
5438,8
5439,0
5440,6
5441,0
5442,0
5443,2
5444,3
5445,7
5446,9
5447,4
5448,7
5449,1
5450,9
5451,1
5452,7
5453,1
5454,4
5455,0
5456,0
5457,1
5458,7
5459,5
5460,7
5461,1
5462,3
5463,3
5464,3
5465,1
5466,6
5467,9
5468,7
5469,1
5470,3
5471,0
5472,2
5473,6
5474,0
5475,8
5476,9
5477,4
5478,3
5479,5
5480,4
5481,8
5482,1
5483,5
5484,9
5485,0
5486,6
5487,6
5488,3
5489,8
5490,1
5491,4
5492,7
5493,5
5494,2
5495,0
5496,0
5497,1
5498,7
5499,8
5500,9
5501,6
5502,8
5503,8
5504,2
5505,3
5506,6
5507,1
5508,2
5509,9
5510,5
5511,2
5512,0
5513,1
5514,2
5515,3
5516,4
5517,5
5518,6
5519,7
5520,8
5521,9
5522,0
5523,1
5524,2
5525,3
5526,4
5527,5
5528,6
5529,7
5530,8
5531,9
5532,0
5533,1
5534,2
5535,3
5536,4
5537,5
5538,6
5539,7
5540,8
5541,9
5542,7
5543,4
5544,6
5545,1
5546,4
5547,0
5548,9
5549,9
5550,3
5551,7
5552,8
5553,4
5554,7
5555,5
5556,8
5557,5
5558,3
5559,2
5560,2
5561,0
5562,5
5563,8
5564,6
5565,0
5566,3
5567,8
5568,1
5569,0
5570,3
5571,0
5572,4
5573,7
5574,4
5575,9
5576,2
5577,9
5578,5
5579,7
5580,1
5581,7
5582,1
5583,6
5584,6
5585,5
5586,6
5587,2
5588,8
5589,7
5590,6
5591,4
5592,9
5593,9
5594,5
5595,3
5596,7
5597,4
5598,3
5599,0
5600,4
5601,6
5602,6
5603,1
5604,1
5605,3
5606,2
5607,1
5608,0
5609,0
5610,1
5611,2
5612,3
5613,4
5614,7
5615,8
5616,9
5617,0
5618,1
5619,2
5620,3
5621,4
5622,5
5623,6
5624,7
5625,8
5626,0
5627,1
5628,2
5629,3
5630,4
5631,7
5632,8
5633,9
5634,0
5635,8
5636,3
5637,9
5638,5
5639,5
5640,2
5641,6
5642,8
5643,4
5644,1
5645,7
5646,1
5647,2
5648,3
5649,5
5650,6
5651,9
5652,1
5653,1
5654,1
5655,2
5656,1
5657,2
5658,0
5659,7
5660,7
5661,5
5662,8
5663,2
5664,9
5665,8
5666,6
5667,7
5668,3
5669,4
5670,6
5671,8
5672,7
5673,0
5674,4
5675,2
5676,7
5677,7
5678,5
5679,4
5680,3
5681,4
5682,2
5683,8
5684,1
5685,5
5686,1
5687,0
5688,2
5689,3
5690,3
5691,5
5692,7
5693,0
5694,6
5695,8
5696,6
5697,3
5698,9
5699,9
5700,8
5701,2
5702,7
5703,7
5704,1
5705,0
5706,1
5707,7
5708,8
5709,9
5710,0
5711,1
5712,2
5713,3
5714,4
5715,5
5716,6
5717,7
5718,8
5719,0
5720,1
5721,2
5722,3
5723,4
5724,7
5725,8
5726,9
5727,7
5728,8
5729,6
5730,4
5731,1
5732,9
5733,3
5734,8
5735,4
5736,4
5737,7
5738,0
5739,1
5740,9
5741,2
5742,8
5743,7
5744,8
5745,2
5746,6
5747,0
5748,6
5749,5
5750,3
5751,3
5752,3
5753,9
5754,1
5755,4
5756,0
5757,6
5758,1
5759,0
5760,0
5761,6
5762,2
5763,1
5764,1
5765,7
5766,7
5767,8
5768,4
5769,6
5770,0
5771,7
5772,0
5773,3
5774,6
5775,8
5776,7
5777,1
5778,5
5779,2
5780,4
5781,9
5782,4
5783,3
5784,6
5785,4
5786,1
5787,7
5788,2
5789,6
5790,5
5791,0
5792,1
5793,2
5794,3
5795,4
5796,5
5797,6
5798,7
5799,8
5800,9
5801,0
5802,1
5803,2
5804,3
5805,4
5806,5
5807,6
5808,9
5809,7
5810,3
5811,4
5812,9
5813,6
5814,6
5815,5
5816,4
5817,0
5818,7
5819,4
5820,0
5821,1
5822,3
5823,1
5824,3
5825,4
5826,7
5827,2
5828,7
5829,1
5830,2
5831,1
5832,1
5833,7
5834,4
5835,2
5836,3
5837,5
5838,1
5839,2
5840,4
5841,4
5842,6
5843,3
5844,5
5845,5
5846,6
5847,0
5848,4
5849,1
5850,9
5851,5
5852,7
5853,8
5854,9
5855,3
5856,7
5857,4
5858,6
5859,4
5860,3
5861,0
5862,7
5863,0
5864,2
5865,9
5866,1
5867,7
5868,3
5869,2
5870,9
5871,7
5872,7
5873,6
5874,2
5875,7
5876,8
5877,4
5878,7
5879,3
5880,6
5881,1
5882,3
5883,6
5884,9
5885,3
5886,1
5887,4
5888,1
5889,7
5890,6
5891,9
5892,6
5893,0
5894,5
5895,4
5896,9
5897,9
5898,2
5899,1
5900,9
5901,4
5902,8
5903,7
5904,3
5905,9
5906,7
5907,4
5908,4
5909,4
5910,9
5911,2
5912,5
5913,4
5914,7
5915,6
5916,7
5917,9
5918,0
5919,5
5920,8
5921,5
5922,6
5923,6
5924,5
5925,7
5926,8
5927,1
5928,0
5929,1
5930,6
5931,4
5932,6
5933,7
5934,3
5935,1
5936,7
5937,1
5938,8
5939,2
5940,0
5941,2
5942,9
5943,9
5944,5
5945,5
5946,1
5947,5
5948,6
5949,0
5950,3
5951,4
5952,4
5953,6
5954,5
5955,4
5956,6
5957,5
5958,4
5959,5
5960,1
5961,4
5962,4
5963,7
5964,2
5965,3
5966,2
5967,7
5968,1
5969,8
5970,1
5971,8
5972,1
5973,8
5974,5
5975,0
5976,8
5977,9
5978,2
5979,5
5980,0
5981,1
5982,1
5983,1
5984,0
5985,9
5986,0
5987,3
5988,1
5989,6
5990,4
5991,2
5992,3
5993,6
5994,1
5995,1
5996,1
5997,3
5998,9
5999,5
6000,2
6001,9
6002,4
6003,5
6004,9
6005,3
6006,9
6007,0
6008,3
6009,6
6010,5
6011,5
6012,7
6013,2
6014,2
6015,7
6016,1
6017,2
6018,8
6019,4
6020,1
6021,7
6022,3
6023,3
6024,8
6025,8
6026,7
6027,9
6028,2
6029,2
6030,4
6031,1
6032,5
6033,9
6034,8
6035,7
6036,2
6037,3
6038,0
6039,4
6040,4
6041,2
6042,4
6043,1
6044,9
6045,5
6046,7
6047,7
6048,2
6049,8
6050,2
6051,6
6052,8
6053,5
6054,7
6055,7
6056,9
6057,1
6058,8
6059,1
6060,8
6061,0
6062,3
6063,0
6064,1
6065,9
6066,9
6067,4
6068,1
6069,8
6070,2
6071,1
6072,2
6073,9
6074,7
6075,5
6076,9
6077,2
6078,6
6079,4
6080,1
6081,5
6082,8
6083,2
6084,9
6085,2
6086,0
6087,4
6088,0
6089,0
6090,2
6091,8
6092,4
6093,7
6094,1
6095,2
6096,4
6097,0
6098,2
6099,7
6100,4
6101,3
6102,3
6103,0
6104,0
6105,3
6106,1
6107,9
6108,6
6109,5
6110,2
6111,5
6112,9
6113,2
6114,9
6115,3
6116,0
6117,4
6118,2
6119,0
6120,7
6121,1
6122,1
6123,2
6124,1
6125,5
6126,3
6127,3
6128,9
6129,7
6130,8
6131,6
6132,5
6133,6
6134,1
6135,3
6136,8
6137,1
6138,0
6139,5
6140,1
6141,3
6142,1
6143,5
6144,5
6145,6
6146,1
6147,8
6148,5
6149,1
6150,7
6151,9
6152,4
6153,6
6154,2
6155,2
6156,5
6157,0
6158,6
6159,5
6160,6
6161,3
6162,7
6163,2
6164,0
6165,8
6166,8
6167,5
6168,4
6169,1
6170,1
6171,4
6172,0
6173,3
6174,3
6175,7
6176,6
6177,1
6178,6
6179,2
6180,1
6181,9
6182,2
6183,8
6184,6
6185,1
6186,9
6187,5
6188,2
6189,5
6190,4
6191,4
6192,2
6193,8
6194,3
6195,8
6196,2
6197,4
6198,5
6199,0
6200,3
6201,1
6202,7
6203,7
6204,5
6205,7
6206,9
6207,7
6208,1
6209,9
6210,2
6211,1
6212,4
6213,2
6214,9
6215,2
6216,0
6217,4
6218,9
6219,1
6220,4
6221,8
6222,1
6223,8
6224,4
6225,5
6226,9
6227,8
6228,8
6229,3
6230,7
6231,6
6232,0
6233,0
6234,3
6235,0
6236,2
6237,6
6238,6
6239,4
6240,9
6241,3
6242,3
6243,3
6244,2
6245,3
6246,9
6247,1
6248,2
6249,6
6250,8
6251,0
6252,5
6253,6
6254,6
6255,6
6256,3
6257,8
6258,8
6259,2
6260,7
6261,5
6262,8
6263,9
6264,6
6265,1
6266,8
6267,4
6268,1
6269,2
6270,5
6271,9
6272,1
6273,9
6274,7
6275,5
6276,4
6277,0
6278,8
6279,9
6280,9
6281,1
6282,0
6283,5
6284,2
6285,3
6286,7
6287,8
6288,9
6289,4
6290,0
6291,6
6292,3
6293,9
6294,5
6295,2
6296,1
6297,3
6298,1
6299,3
6300,6
6301,5
6302,7
6303,4
6304,2
6305,2
6306,6
6307,3
6308,2
6309,6
6310,5
6311,4
6312,8
6313,9
6314,7
6315,1
6316,3
6317,0
6318,3
6319,8
6320,3
6321,1
6322,9
6323,3
6324,4
6325,4
6326,6
6327,4
6328,2
6329,1
6330,8
6331,2
6332,5
6333,4
6334,8
6335,8
6336,4
6337,0
6338,0
6339,2
6340,3
6341,2
6342,7
6343,7
6344,0
6345,8
6346,7
6347,4
6348,4
6349,7
6350,9
6351,6
6352,9
6353,0
6354,9
6355,8
6356,0
6357,4
6358,6
6359,0
6360,6
6361,3
6362,5
6363,4
6364,8
6365,3
6366,3
6367,9
6368,3
6369,3
6370,3
6371,7
6372,8
6373,0
6374,8
6375,2
6376,1
6377,7
6378,0
6379,6
6380,5
6381,4
6382,3
6383,8
6384,0
6385,9
6386,6
6387,3
6388,8
6389,0
6390,9
6391,9
6392,6
6393,8
6394,6
6395,8
6396,5
6397,7
6398,8
6399,6
6400,0
6401,2
6402,4
6403,0
6404,2
6405,2
6406,3
6407,1
6408,9
6409,7
6410,5
6411,1
6412,0
6413,8
6414,4
6415,6
6416,2
6417,6
6418,7
6419,9
6420,3
6421,2
6422,9
6423,8
6424,2
6425,2
6426,9
6427,2
6428,7
6429,3
6430,5
6431,9
6432,1
6433,8
6434,0
6435,2
6436,0
6437,5
6438,2
6439,1
6440,3
6441,7
6442,6
6443,7
6444,1
6445,2
6446,5
6447,8
6448,0
6449,3
6450,7
6451,2
6452,4
6453,0
6454,9
6455,1
6456,8
6457,6
6458,7
6459,7
6460,4
6461,3
6462,4
6463,9
6464,1
6465,9
6466,5
6467,1
6468,7
6469,3
6470,9
6471,7
6472,6
6473,9
6474,1
6475,3
6476,7
6477,8
6478,3
6479,3
6480,6
6481,7
6482,2
6483,8
6484,5
6485,8
6486,5
6487,1
6488,1
6489,4
6490,4
6491,3
6492,1
6493,0
6494,7
6495,7
6496,0
6497,7
6498,9
6499,4
6500,4
6501,8
6502,5
6503,5
6504,4
6505,0
6506,8
6507,2
6508,1
6509,0
6510,8
6511,4
6512,5
6513,0
6514,4
6515,0
6516,6
6517,1
6518,7
6519,3
6520,2
6521,6
6522,7
6523,2
6524,6
6525,9
6526,3
6527,1
6528,4
6529,6
6530,2
6531,5
6532,4
6533,2
6534,0
6535,6
6536,2
6537,1
6538,7
6539,3
6540,4
6541,1
6542,0
6543,5
6544,4
6545,3
6546,1
6547,1
6548,7
6549,4
6550,9
6551,9
6552,4
6553,8
6554,4
6555,0
6556,2
6557,4
6558,5
6559,1
6560,1
6561,6
6562,4
6563,7
6564,1
6565,9
6566,4
6567,2
6568,4
6569,1
6570,5
6571,5
6572,3
6573,8
6574,3
6575,1
6576,4
6577,5
6578,6
6579,8
6580,9
6581,4
6582,1
6583,5
6584,3
6585,8
6586,0
6587,3
6588,2
6589,5
6590,1
6591,2
6592,8
6593,3
6594,4
6595,4
6596,0
6597,8
6598,8
6599,3
6600,3
6601,1
6602,7
6603,3
6604,5
6605,9
6606,6
6607,3
6608,2
6609,6
6610,1
6611,3
6612,6
6613,0
6614,7
6615,2
6616,1
6617,7
6618,1
6619,4
6620,2
6621,4
6622,2
6623,1
6624,7
6625,9
6626,6
6627,1
6628,1
6629,2
6630,4
6631,8
6632,1
6633,7
6634,7
6635,4
6636,8
6637,0
6638,7
6639,3
6640,1
6641,3
6642,1
6643,0
6644,7
6645,7
6646,0
6647,3
6648,5
6649,5
6650,2
6651,7
6652,6
6653,6
6654,9
6655,2
6656,8
6657,3
6658,5
6659,2
6660,2
6661,5
6662,6
6663,0
6664,8
6665,2
6666,9
6667,2
6668,8
6669,8
6670,8
6671,8
6672,7
6673,4
6674,9
6675,3
6676,0
6677,6
6678,6
6679,3
6680,2
6681,1
6682,3
6683,2
6684,2
6685,9
6686,3
6687,0
6688,0
6689,5
6690,7
6691,8
6692,1
6693,4
6694,4
6695,6
6696,0
6697,2
6698,9
6699,1
6700,4
6701,7
6702,4
6703,7
6704,3
6705,9
6706,8
6707,8
6708,4
6709,7
6710,1
6711,2
6712,1
6713,2
6714,2
6715,3
6716,2
6717,3
6718,2
6719,3
6720,9
6721,1
6722,7
6723,4
6724,0
6725,3
6726,5
6727,5
6728,8
6729,6
6730,3
6731,2
6732,6
6733,7
6734,6
6735,6
6736,3
6737,2
6738,7
6739,8
6740,1
6741,1
6742,7
6743,5
6744,6
6745,4
6746,9
6747,5
6748,1
6749,3
6750,3
6751,4
6752,7
6753,8
6754,9
6755,1
6756,1
6757,6
6758,9
6759,1
6760,4
6761,4
6762,5
6763,4
6764,0
6765,6
6766,2
6767,2
6768,3
6769,1
6770,5
6771,1
6772,2
6773,0
6774,3
6775,8
6776,1
6777,2
6778,6
6779,7
6780,1
6781,6
6782,2
6783,3
6784,9
6785,0
6786,1
6787,2
6788,2
6789,0
6790,8
6791,9
6792,9
6793,0
6794,2
6795,5
6796,1
6797,9
6798,7
6799,8
6800,1
6801,0
6802,4
6803,1
6804,7
6805,9
6806,6
6807,4
6808,2
6809,6
6810,8
6811,1
6812,3
6813,7
6814,5
6815,4
6816,4
6817,1
6818,8
6819,1
6820,3
6821,8
6822,1
6823,2
6824,5
6825,8
6826,0
6827,6
6828,2
6829,1
6830,1
6831,7
6832,1
6833,5
6834,3
6835,4
6836,6
6837,9
6838,5
6839,0
6840,9
6841,2
6842,2
6843,4
6844,8
6845,2
6846,1
6847,7
6848,2
6849,4
6850,9
6851,4
6852,4
6853,0
6854,3
6855,9
6856,2
6857,2
6858,3
6859,3
6860,8
6861,3
6862,5
6863,7
6864,3
6865,5
6866,8
6867,1
6868,2
6869,4
6870,4
6871,6
6872,4
6873,9
6874,5
6875,1
6876,0
6877,6
6878,9
6879,5
6880,9
6881,5
6882,9
6883,7
6884,3
6885,8
6886,0
6887,3
6888,7
6889,1
6890,3
6891,6
6892,7
6893,8
6894,5
6895,9
6896,7
6897,9
6898,6
6899,9
6900,6
6901,3
6902,7
6903,4
6904,4
6905,5
6906,3
6907,5
6908,4
6909,7
6910,8
6911,7
6912,8
6913,0
6914,7
6915,6
6916,8
6917,8
6918,7
6919,3
6920,3
6921,1
6922,9
6923,5
6924,2
6925,7
6926,3
6927,5
6928,1
6929,1
6930,2
6931,1
6932,4
6933,7
6934,4
6935,7
6936,5
6937,4
6938,5
6939,4
6940,0
6941,8
6942,3
6943,6
6944,9
6945,6
6946,0
6947,2
6948,7
6949,4
6950,4
6951,4
6952,4
6953,6
6954,6
6955,4
6956,7
6957,9
6958,3
6959,4
6960,5
6961,5
6962,8
6963,7
6964,3
6965,7
6966,2
6967,7
6968,0
6969,2
6970,4
6971,1
6972,1
6973,6
6974,6
6975,9
6976,2
6977,8
6978,7
6979,2
6980,0
6981,1
6982,5
6983,0
6984,9
6985,1
6986,7
6987,0
6988,6
6989,0
6990,8
6991,6
6992,8
6993,1
6994,8
6995,0
6996,3
6997,3
6998,7
6999,2
7000,3
7001,6
7002,2
7003,1
7004,6
7005,1
7006,1
7007,3
7008,7
7009,9
7010,0
7011,8
7012,0
7013,5
7014,4
7015,0
7016,2
7017,8
7018,7
7019,2
7020,9
7021,8
7022,4
7023,0
7024,9
7025,5
7026,8
7027,5
7028,1
7029,2
7030,1
7031,3
7032,1
7033,7
7034,4
7035,5
7036,7
7037,2
7038,0
7039,9
7040,8
7041,8
7042,6
7043,2
7044,5
7045,4
7046,1
7047,9
7048,2
7049,1
7050,5
7051,8
7052,7
7053,0
7054,2
7055,4
7056,4
7057,3
7058,6
7059,8
7060,8
7061,2
7062,4
7063,0
7064,5
7065,0
7066,4
7067,4
7068,7
7069,9
7070,3
7071,4
7072,1
7073,5
7074,9
7075,7
7076,3
7077,5
7078,8
7079,8
7080,0
7081,5
7082,3
7083,3
7084,6
7085,6
7086,0
7087,1
7088,6
7089,0
7090,3
7091,5
7092,4
7093,4
7094,1
7095,2
7096,9
7097,1
7098,4
7099,6
7100,9
7101,9
7102,3
7103,9
7104,8
7105,4
7106,4
7107,3
7108,1
7109,3
7110,1
7111,8
7112,8
7113,7
7114,9
7115,4
7116,8
7117,8
7118,7
7119,9
7120,7
7121,1
7122,4
7123,5
7124,6
7125,0
7126,5
7127,2
7128,2
7129,2
7130,1
7131,5
7132,5
7133,2
7134,4
7135,9
7136,6
7137,2
7138,7
7139,7
7140,2
7141,2
7142,1
7143,1
7144,2
7145,8
7146,3
7147,7
7148,2
7149,4
7150,1
7151,7
7152,1
7153,7
7154,6
7155,7
7156,8
7157,2
7158,7
7159,3
7160,1
7161,7
7162,5
7163,8
7164,2
7165,6
7166,2
7167,2
7168,5
7169,6
7170,5
7171,0
7172,9
7173,2
7174,4
7175,3
7176,3
7177,9
7178,7
7179,6
7180,6
7181,8
7182,0
7183,4
7184,1
7185,5
7186,8
7187,2
7188,9
7189,1
7190,8
7191,0
7192,6
7193,7
7194,2
7195,1
7196,0
7197,5
7198,5
7199,2
7200,0
7201,2
7202,2
7203,0
7204,2
7205,4
7206,9
7207,8
7208,0
7209,9
7210,9
7211,4
7212,6
7213,5
7214,4
7215,9
7216,1
7217,8
7218,3
7219,4
7220,9
7221,9
7222,1
7223,2
7224,2
7225,8
7226,1
7227,9
7228,6
7229,4
7230,0
7231,9
7232,4
7233,8
7234,3
7235,8
7236,6
7237,0
7238,2
7239,5
7240,1
7241,9
7242,6
7243,2
7244,9
7245,4
7246,0
7247,9
7248,6
7249,0
7250,6
7251,2
7252,5
7253,4
7254,2
7255,3
7256,8
7257,4
7258,5
7259,5
7260,0
7261,3
7262,8
7263,5
7264,3
7265,5
7266,8
7267,6
7268,5
7269,7
7270,6
7271,3
7272,3
7273,9
7274,6
7275,1
7276,1
7277,2
7278,9
7279,0
7280,4
7281,3
7282,3
7283,6
7284,9
7285,5
7286,7
7287,3
7288,7
7289,7
7290,7
7291,8
7292,7
7293,9
7294,8
7295,3
7296,0
7297,7
7298,2
7299,7
7300,9
7301,4
7302,5
7303,4
7304,9
7305,3
7306,2
7307,1
7308,4
7309,0
7310,2
7311,3
7312,7
7313,5
7314,7
7315,8
7316,8
7317,5
7318,0
7319,1
7320,1
7321,4
7322,8
7323,3
7324,9
7325,0
7326,0
7327,0
7328,6
7329,6
7330,2
7331,3
7332,7
7333,8
7334,4
7335,7
7336,7
7337,9
7338,2
7339,4
7340,1
7341,4
7342,5
7343,2
7344,4
7345,9
7346,9
7347,1
7348,8
7349,4
7350,0
7351,9
7352,8
7353,4
7354,8
7355,7
7356,7
7357,0
7358,7
7359,8
7360,8
7361,6
7362,0
7363,4
7364,8
7365,8
7366,2
7367,4
7368,7
7369,6
7370,6
7371,6
7372,4
7373,7
7374,1
7375,8
7376,8
7377,2
7378,3
7379,6
7380,3
7381,0
7382,0
7383,3
7384,7
7385,6
7386,9
7387,7
7388,9
7389,9
7390,5
7391,4
7392,3
7393,3
7394,6
7395,1
7396,2
7397,3
7398,7
7399,3
7400,3
7401,2
7402,0
7403,3
7404,3
7405,8
7406,4
7407,3
7408,6
7409,3
7410,5
7411,0
7412,2
7413,0
7414,9
7415,0
7416,7
7417,4
7418,6
7419,9
7420,3
7421,5
7422,1
7423,9
7424,6
7425,1
7426,4
7427,5
7428,4
7429,5
7430,0
7431,5
7432,9
7433,5
7434,2
7435,1
7436,2
7437,9
7438,1
7439,9
7440,9
7441,4
7442,0
7443,8
7444,4
7445,5
7446,2
7447,9
7448,2
7449,1
7450,2
7451,1
7452,7
7453,3
7454,6
7455,8
7456,8
7457,4
7458,9
7459,1
7460,9
7461,8
7462,5
7463,7
7464,5
7465,1
7466,1
7467,8
7468,6
7469,5
7470,2
7471,4
7472,4
7473,3
7474,2
7475,3
7476,5
7477,6
7478,8
7479,8
7480,6
7481,2
7482,3
7483,1
7484,0
7485,5
7486,8
7487,9
7488,2
7489,9
7490,6
7491,7
7492,0
7493,4
7494,8
7495,7
7496,1
7497,7
7498,4
7499,1
7500,0
7501,9
7502,7
7503,2
7504,0
7505,0
7506,9
7507,1
7508,7
7509,8
7510,7
7511,8
7512,4
7513,7
7514,2
7515,0
7516,4
7517,6
7518,0
7519,3
7520,1
7521,1
7522,3
7523,3
7524,9
7525,6
7526,7
7527,4
7528,1
7529,5
7530,3
7531,0
7532,8
7533,7
7534,3
7535,9
7536,6
7537,9
7538,3
7539,5
7540,0
7541,2
7542,7
7543,4
7544,5
7545,1
7546,7
7547,5
7548,8
7549,0
7550,8
7551,8
7552,1
7553,5
7554,0
7555,3
7556,0
7557,3
7558,1
7559,4
7560,0
7561,3
7562,7
7563,2
7564,7
7565,1
7566,8
7567,0
7568,7
7569,0
7570,4
7571,3
7572,1
7573,9
7574,8
7575,7
7576,7
7577,1
7578,4
7579,9
7580,9
7581,3
7582,2
7583,1
7584,7
7585,9
7586,0
7587,2
7588,0
7589,3
7590,3
7591,7
7592,6
7593,9
7594,2
7595,3
7596,3
7597,7
7598,7
7599,0
7600,0
7601,7
7602,5
7603,2
7604,9
7605,8
7606,7
7607,4
7608,4
7609,2
7610,6
7611,6
7612,1
7613,9
7614,6
7615,8
7616,2
7617,9
7618,0
7619,8
7620,3
7621,1
7622,1
7623,6
7624,3
7625,5
7626,1
7627,1
7628,1
7629,3
7630,1
7631,2
7632,3
7633,0
7634,2
7635,0
7636,1
7637,3
7638,5
7639,5
7640,7
7641,4
7642,8
7643,9
7644,6
7645,9
7646,6
7647,8
7648,3
7649,6
7650,6
7651,8
7652,5
7653,1
7654,4
7655,2
7656,4
7657,4
7658,5
7659,1
7660,1
7661,9
7662,0
7663,2
7664,4
7665,9
7666,5
7667,7
7668,1
7669,8
7670,8
7671,5
7672,6
7673,9
7674,8
7675,7
7676,1
7677,1
7678,6
7679,7
7680,6
7681,3
7682,2
7683,2
7684,0
7685,8
7686,9
7687,2
7688,5
7689,1
7690,0
7691,8
7692,1
7693,9
7694,5
7695,7
7696,9
7697,6
7698,9
7699,0
7700,6
7701,1
7702,5
7703,5
7704,8
7705,3
7706,8
7707,2
7708,6
7709,5
7710,0
7711,7
7712,4
7713,6
7714,1
7715,3
7716,4
7717,7
7718,3
7719,2
7720,3
7721,4
7722,2
7723,5
7724,2
7725,7
7726,1
7727,7
7728,2
7729,6
7730,4
7731,1
7732,5
7733,7
7734,8
7735,6
7736,0
7737,1
7738,8
7739,2
7740,5
7741,7
7742,7
7743,6
7744,9
7745,3
7746,5
7747,8
7748,4
7749,2
7750,4
7751,0
7752,8
7753,8
7754,3
7755,4
7756,9
7757,2
7758,7
7759,5
7760,8
7761,6
7762,5
7763,6
7764,0
7765,8
7766,6
7767,7
7768,3
7769,6
7770,4
7771,9
7772,4
7773,6
7774,6
7775,3
7776,2
7777,4
7778,1
7779,0
7780,1
7781,4
7782,6
7783,2
7784,9
7785,1
7786,1
7787,0
7788,6
7789,3
7790,9
7791,5
7792,6
7793,5
7794,6
7795,5
7796,8
7797,4
7798,6
7799,4
7800,3
7801,9
7802,1
7803,3
7804,4
7805,1
7806,9
7807,1
7808,7
7809,1
7810,1
7811,9
7812,3
7813,5
7814,4
7815,0
7816,7
7817,3
7818,6
7819,1
7820,7
7821,5
7822,5
7823,3
7824,3
7825,0
7826,1
7827,5
7828,7
7829,5
7830,8
7831,6
7832,5
7833,1
7834,0
7835,4
7836,2
7837,3
7838,4
7839,6
7840,7
7841,9
7842,8
7843,1
7844,8
7845,4
7846,9
7847,2
7848,8
7849,6
7850,2
7851,7
7852,0
7853,0
7854,6
7855,7
7856,5
7857,8
7858,6
7859,0
7860,9
7861,3
7862,7
7863,1
7864,3
7865,5
7866,4
7867,3
7868,3
7869,5
7870,5
7871,6
7872,3
7873,0
7874,2
7875,3
7876,4
7877,2
7878,3
7879,0
7880,9
7881,9
7882,4
7883,7
7884,2
7885,8
7886,4
7887,7
7888,0
7889,6
7890,2
7891,8
7892,5
7893,2
7894,8
7895,5
7896,7
7897,3
7898,0
7899,8
7900,2
7901,3
7902,2
7903,8
7904,2
7905,5
7906,5
7907,7
7908,6
7909,4
7910,6
7911,8
7912,4
7913,8
7914,2
7915,7
7916,4
7917,5
7918,2
7919,0
7920,3
7921,9
7922,4
7923,6
7924,7
7925,2
7926,5
7927,6
7928,1
7929,1
7930,2
7931,3
7932,6
7933,7
7934,8
7935,7
7936,6
7937,4
7938,8
7939,9
7940,4
7941,8
7942,6
7943,3
7944,8
7945,3
7946,1
7947,0
7948,6
7949,2
7950,2
7951,5
7952,6
7953,9
7954,5
7955,8
7956,1
7957,4
7958,1
7959,7
7960,8
7961,4
7962,6
7963,1
7964,8
7965,4
7966,3
7967,1
7968,2
7969,8
7970,0
7971,8
7972,5
7973,9
7974,1
7975,4
7976,2
7977,0
7978,2
7979,7
7980,0
7981,9
7982,0
7983,2
7984,5
7985,7
7986,6
7987,7
7988,9
7989,4
7990,2
7991,6
7992,2
7993,4
7994,4
7995,8
7996,0
7997,4
7998,4
7999,5
8000,8
8001,0
8002,6
8003,8
8004,9
8005,8
8006,5
8007,6
8008,9
8009,0
8010,4
8011,8
8012,7
8013,1
8014,3
8015,4
8016,5
8017,8
8018,0
8019,9
8020,1
8021,3
8022,3
8023,6
8024,9
8025,8
8026,7
8027,1
8028,0
8029,5
8030,7
8031,1
8032,7
8033,5
8034,2
8035,7
8036,9
8037,1
8038,8
8039,5
8040,2
8041,4
8042,9
8043,4
8044,7
8045,2
8046,2
8047,3
8048,4
8049,9
8050,1
8051,9
8052,2
8053,1
8054,7
8055,9
8056,4
8057,4
8058,1
8059,6
8060,7
8061,2
8062,7
8063,8
8064,8
8065,1
8066,9
8067,7
8068,1
8069,1
8070,7
8071,5
8072,3
8073,3
8074,5
8075,1
8076,3
8077,7
8078,6
8079,1
8080,3
8081,8
8082,7
8083,5
8084,9
8085,9
8086,0
8087,0
8088,2
8089,8
8090,8
8091,2
8092,3
8093,7
8094,1
8095,3
8096,0
8097,3
8098,4
8099,4
8100,3
8101,8
8102,9
8103,2
8104,3
8105,9
8106,7
8107,1
8108,1
8109,7
8110,0
8111,4
8112,9
8113,6
8114,5
8115,9
8116,1
8117,7
8118,0
8119,2
8120,0
8121,0
8122,4
8123,6
8124,7
8125,0
8126,7
8127,1
8128,4
8129,6
8130,4
8131,5
8132,4
8133,9
8134,9
8135,1
8136,7
8137,9
8138,5
8139,3
8140,3
8141,8
8142,2
8143,3
8144,6
8145,2
8146,2
8147,1
8148,1
8149,1
8150,1
8151,1
8152,6
8153,9
8154,8
8155,4
8156,3
8157,7
8158,1
8159,6
8160,4
8161,5
8162,0
8163,4
8164,7
8165,4
8166,2
8167,4
8168,0
8169,7
8170,0
8171,1
8172,9
8173,8
8174,8
8175,6
8176,0
8177,0
8178,4
8179,9
8180,6
8181,8
8182,2
8183,2
8184,3
8185,8
8186,4
8187,8
8188,2
8189,2
8190,1
8191,7
8192,5
8193,4
8194,4
8195,0
8196,4
8197,3
8198,9
8199,7
8200,3
8201,1
8202,0
8203,1
8204,2
8205,5
8206,9
8207,2
8208,1
8209,0
8210,1
8211,8
8212,9
8213,1
8214,6
8215,8
8216,3
8217,8
8218,9
8219,3
8220,6
8221,2
8222,8
8223,3
8224,2
8225,2
8226,1
8227,0
8228,4
8229,2
8230,9
8231,2
8232,4
8233,3
8234,7
8235,9
8236,1
8237,5
8238,2
8239,4
8240,9
8241,0
8242,3
8243,8
8244,5
8245,3
8246,6
8247,0
8248,9
8249,4
8250,6
8251,2
8252,5
8253,0
8254,2
8255,7
8256,4
8257,6
8258,6
8259,8
8260,6
8261,6
8262,8
8263,6
8264,9
8265,1
8266,7
8267,2
8268,5
8269,9
8270,9
8271,0
8272,7
8273,2
8274,7
8275,6
8276,7
8277,0
8278,6
8279,5
8280,2
8281,4
8282,7
8283,2
8284,0
8285,9
8286,9
8287,2
8288,2
8289,9
8290,4
8291,4
8292,2
8293,3
8294,3
8295,2
8296,1
8297,7
8298,0
8299,7
8300,6
8301,4
8302,1
8303,3
8304,8
8305,7
8306,4
8307,5
8308,9
8309,2
8310,5
8311,1
8312,8
8313,7
8314,3
8315,7
8316,1
8317,5
8318,5
8319,0
8320,9
8321,1
8322,4
8323,0
8324,6
8325,3
8326,3
8327,6
8328,0
8329,4
8330,9
8331,7
8332,5
8333,1
8334,6
8335,8
8336,9
8337,5
8338,5
8339,7
8340,9
8341,3
8342,8
8343,3
8344,8
8345,1
8346,5
8347,3
8348,5
8349,0
8350,5
8351,5
8352,3
8353,8
8354,6
8355,7
8356,7
8357,7
8358,3
8359,7
8360,0
8361,5
8362,9
8363,0
8364,2
8365,5
8366,5
8367,3
8368,1
8369,7
8370,7
8371,8
8372,6
8373,5
8374,9
8375,3
8376,8
8377,9
8378,5
8379,3
8380,7
8381,9
8382,1
8383,7
8384,0
8385,0
8386,3
8387,7
8388,2
8389,5
8390,8
8391,1
8392,8
8393,6
8394,2
8395,9
8396,5
8397,7
8398,5
8399,7
8400,8
8401,6
8402,2
8403,5
8404,1
8405,4
8406,8
8407,4
8408,5
8409,8
8410,3
8411,0
8412,6
8413,2
8414,7
8415,3
8416,3
8417,2
8418,1
8419,0
8420,7
8421,3
8422,4
8423,0
8424,3
8425,9
8426,3
8427,2
8428,8
8429,9
8430,0
8431,3
8432,8
8433,0
8434,7
8435,6
8436,5
8437,4
8438,7
8439,3
8440,9
8441,0
8442,8
8443,6
8444,2
8445,5
8446,6
8447,1
8448,0
8449,0
8450,4
8451,4
8452,0
8453,1
8454,2
8455,3
8456,2
8457,7
8458,7
8459,8
8460,5
8461,2
8462,5
8463,7
8464,6
8465,9
8466,1
8467,4
8468,1
8469,6
8470,4
8471,2
8472,4
8473,3
8474,5
8475,4
8476,3
8477,9
8478,5
8479,0
8480,1
8481,5
8482,3
8483,8
8484,9
8485,1
8486,9
8487,7
8488,9
8489,5
8490,5
8491,2
8492,7
8493,4
8494,6
8495,0
8496,1
8497,1
8498,1
8499,0
8500,4
8501,4
8502,7
8503,6
8504,3
8505,0
8506,0
8507,4
8508,3
8509,0
8510,6
8511,1
8512,9
8513,6
8514,1
8515,3
8516,8
8517,1
8518,2
8519,5
8520,6
8521,2
8522,7
8523,3
8524,6
8525,0
8526,1
8527,9
8528,7
8529,6
8530,6
8531,8
8532,9
8533,2
8534,9
8535,5
8536,8
8537,3
8538,1
8539,0
8540,0
8541,7
8542,6
8543,6
8544,2
8545,1
8546,6
8547,9
8548,3
8549,1
8550,8
8551,6
8552,9
8553,0
8554,6
8555,0
8556,0
8557,0
8558,6
8559,3
8560,5
8561,9
8562,3
8563,4
8564,5
8565,5
8566,8
8567,5
8568,3
8569,0
8570,4
8571,0
8572,2
8573,9
8574,6
8575,8
8576,2
8577,3
8578,1
8579,2
8580,1
8581,1
8582,5
8583,6
8584,9
8585,8
8586,0
8587,6
8588,6
8589,5
8590,5
8591,3
8592,8
8593,6
8594,2
8595,1
8596,4
8597,5
8598,4
8599,3
8600,7
8601,8
8602,5
8603,0
8604,9
8605,3
8606,5
8607,1
8608,1
8609,0
8610,4
8611,4
8612,7
8613,0
8614,1
8615,7
8616,0
8617,1
8618,6
8619,1
8620,4
8621,5
8622,6
8623,6
8624,5
8625,7
8626,8
8627,4
8628,4
8629,7
8630,2
8631,5
8632,3
8633,7
8634,0
8635,7
8636,7
8637,9
8638,6
8639,4
8640,2
8641,8
8642,5
8643,7
8644,8
8645,3
8646,9
8647,5
8648,8
8649,9
8650,9
8651,8
8652,6
8653,2
8654,8
8655,9
8656,2
8657,3
8658,6
8659,1
8660,1
8661,8
8662,9
8663,3
8664,4
8665,0
8666,7
8667,9
8668,6
8669,4
8670,1
8671,4
8672,1
8673,3
8674,4
8675,9
8676,3
8677,1
8678,4
8679,7
8680,7
8681,4
8682,7
8683,2
8684,9
8685,3
8686,0
8687,8
8688,8
8689,8
8690,4
8691,0
8692,4
8693,4
8694,1
8695,5
8696,2
8697,8
8698,3
8699,4
8700,9
8701,5
8702,2
8703,8
8704,1
8705,5
8706,3
8707,7
8708,9
8709,4
8710,2
8711,5
8712,6
8713,3
8714,5
8715,9
8716,3
8717,5
8718,9
8719,3
8720,1
8721,9
8722,5
8723,3
8724,0
8725,6
8726,9
8727,8
8728,4
8729,0
8730,4
8731,9
8732,2
8733,9
8734,0
8735,1
8736,0
8737,3
8738,1
8739,6
8740,5
8741,8
8742,1
8743,5
8744,3
8745,3
8746,0
8747,3
8748,5
8749,5
8750,9
8751,2
8752,8
8753,7
8754,0
8755,4
8756,9
8757,1
8758,9
8759,7
8760,7
8761,5
8762,5
8763,2
8764,0
8765,9
8766,1
8767,8
8768,6
8769,2
8770,3
8771,9
8772,6
8773,2
8774,1
8775,9
8776,1
8777,3
8778,5
8779,5
8780,0
8781,3
8782,8
8783,3
8784,3
8785,7
8786,6
8787,6
8788,0
8789,1
8790,4
8791,0
8792,6
8793,9
8794,8
8795,1
8796,2
8797,9
8798,9
8799,5
8800,9
8801,7
8802,3
8803,7
8804,8
8805,0
8806,1
8807,3
8808,0
8809,4
8810,6
8811,1
8812,0
8813,2
8814,5
8815,8
8816,4
8817,4
8818,1
8819,1
8820,5
8821,4
8822,6
8823,6
8824,0
8825,6
8826,9
8827,2
8828,6
8829,2
8830,7
8831,1
8832,7
8833,9
8834,4
8835,0
8836,0
8837,3
8838,8
8839,2
8840,2
8841,3
8842,1
8843,6
8844,0
8845,5
8846,7
8847,7
8848,9
8849,2
8850,6
8851,7
8852,9
8853,7
8854,8
8855,6
8856,8
8857,8
8858,4
8859,6
8860,8
8861,4
8862,1
8863,2
8864,8
8865,1
8866,3
8867,9
8868,4
8869,0
8870,3
8871,7
8872,3
8873,2
8874,3
8875,3
8876,7
8877,3
8878,4
8879,0
8880,6
8881,2
8882,0
8883,8
8884,1
8885,5
8886,3
8887,5
8888,4
8889,1
8890,7
8891,1
8892,5
8893,7
8894,5
8895,7
8896,3
8897,2
8898,2
8899,7
8900,3
8901,7
8902,3
8903,7
8904,8
8905,5
8906,4
8907,5
8908,2
8909,5
8910,6
8911,5
8912,3
8913,6
8914,7
8915,4
8916,1
8917,7
8918,1
8919,5
8920,2
8921,3
8922,6
8923,3
8924,1
8925,4
8926,2
8927,6
8928,7
8929,4
8930,3
8931,8
8932,0
8933,6
8934,2
8935,1
8936,6
8937,5
8938,3
8939,9
8940,1
8941,9
8942,3
8943,2
8944,1
8945,8
8946,4
8947,4
8948,6
8949,5
8950,8
8951,6
8952,9
8953,7
8954,7
8955,8
8956,6
8957,9
8958,7
8959,3
8960,9
8961,4
8962,0
8963,5
8964,4
8965,6
8966,4
8967,1
8968,2
8969,3
8970,0
8971,0
8972,2
8973,6
8974,6
8975,5
8976,7
8977,0
8978,8
8979,6
8980,4
8981,7
8982,9
8983,0
8984,7
8985,3
8986,4
8987,2
8988,1
8989,8
8990,8
8991,5
8992,9
8993,2
8994,7
8995,1
8996,8
8997,8
8998,8
8999,2
9000,7
9001,6
9002,0
9003,1
9004,2
9005,7
9006,1
9007,0
9008,8
9009,3
9010,6
9011,0
9012,5
9013,3
9014,6
9015,2
9016,8
9017,7
9018,0
9019,1
9020,4
9021,2
9022,1
9023,1
9024,4
9025,4
9026,4
9027,4
9028,7
9029,1
9030,6
9031,2
9032,9
9033,9
9034,0
9035,0
9036,1
9037,8
9038,8
9039,4
9040,3
9041,4
9042,2
9043,0
9044,6
9045,1
9046,6
9047,1
9048,2
9049,2
9050,2
9051,1
9052,2
9053,3
9054,7
9055,8
9056,1
9057,0
9058,0
9059,2
9060,1
9061,6
9062,6
9063,0
9064,1
9065,6
9066,2
9067,5
9068,1
9069,7
9070,4
9071,8
9072,2
9073,1
9074,4
9075,3
9076,8
9077,3
9078,9
9079,9
9080,4
9081,8
9082,3
9083,4
9084,7
9085,2
9086,7
9087,5
9088,7
9089,0
9090,4
9091,3
9092,3
9093,2
9094,6
9095,7
9096,6
9097,0
9098,0
9099,6
9100,7
9101,7
9102,0
9103,5
9104,5
9105,8
9106,1
9107,0
9108,7
9109,0
9110,2
9111,8
9112,1
9113,5
9114,0
9115,8
9116,8
9117,0
9118,3
9119,2
9120,7
9121,7
9122,2
9123,6
9124,4
9125,7
9126,5
9127,5
9128,5
9129,2
9130,9
9131,2
9132,8
9133,4
9134,6
9135,8
9136,6
9137,5
9138,0
9139,0
9140,8
9141,7
9142,6
9143,1
9144,7
9145,1
9146,1
9147,2
9148,7
9149,4
9150,0
9151,0
9152,7
9153,7
9154,6
9155,3
9156,8
9157,6
9158,4
9159,2
9160,0
9161,9
9162,4
9163,0
9164,5
9165,7
9166,8
9167,2
9168,7
9169,4
9170,7
9171,1
9172,1
9173,3
9174,6
9175,6
9176,2
9177,9
9178,1
9179,9
9180,4
9181,8
9182,3
9183,6
9184,9
9185,5
9186,9
9187,6
9188,2
9189,4
9190,6
9191,7
9192,7
9193,0
9194,6
9195,6
9196,9
9197,4
9198,8
9199,3
9200,5
9201,3
9202,4
9203,9
9204,0
9205,0
9206,5
9207,2
9208,5
9209,0
9210,7
9211,1
9212,1
9213,1
9214,6
9215,7
9216,6
9217,7
9218,9
9219,6
9220,6
9221,4
9222,1
9223,4
9224,3
9225,1
9226,1
9227,2
9228,2
9229,4
9230,1
9231,0
9232,8
9233,7
9234,6
9235,3
9236,4
9237,0
9238,0
9239,6
9240,3
9241,3
9242,0
9243,7
9244,1
9245,7
9246,1
9247,1
9248,3
9249,1
9250,0
9251,9
9252,9
9253,7
9254,5
9255,4
9256,1
9257,4
9258,8
9259,9
9260,5
9261,3
9262,5
9263,1
9264,9
9265,8
9266,2
9267,3
9268,3
9269,9
9270,9
9271,0
9272,1
9273,0
9274,2
9275,9
9276,3
9277,9
9278,3
9279,3
9280,6
9281,2
9282,4
9283,9
9284,8
9285,3
9286,7
9287,4
9288,0
9289,4
9290,7
9291,8
9292,4
9293,9
9294,8
9295,9
9296,9
9297,7
9298,5
9299,9
9300,2
9301,8
9302,2
9303,2
9304,0
9305,2
9306,2
9307,3
9308,8
9309,4
9310,6
9311,8
9312,6
9313,8
9314,2
9315,4
9316,6
9317,7
9318,9
9319,3
9320,3
9321,9
9322,4
9323,3
9324,1
9325,4
9326,4
9327,7
9328,0
9329,5
9330,9
9331,6
9332,0
9333,4
9334,4
9335,4
9336,4
9337,6
9338,1
9339,2
9340,3
9341,3
9342,6
9343,4
9344,5
9345,9
9346,6
9347,8
9348,5
9349,6
9350,5
9351,8
9352,6
9353,4
9354,1
9355,8
9356,6
9357,5
9358,2
9359,8
9360,4
9361,5
9362,5
9363,4
9364,7
9365,7
9366,0
9367,7
9368,8
9369,2
9370,2
9371,3
9372,7
9373,0
9374,1
9375,8
9376,0
9377,7
9378,1
9379,9
9380,8
9381,7
9382,5
9383,5
9384,9
9385,1
9386,7
9387,5
9388,4
9389,9
9390,1
9391,2
9392,2
9393,1
9394,6
9395,6
9396,7
9397,1
9398,1
9399,4
9400,0
9401,7
9402,4
9403,2
9404,4
9405,0
9406,6
9407,4
9408,7
9409,6
9410,9
9411,5
9412,3
9413,4
9414,6
9415,5
9416,0
9417,1
9418,8
9419,8
9420,2
9421,8
9422,3
9423,5
9424,7
9425,8
9426,0
9427,8
9428,5
9429,7
9430,1
9431,1
9432,0
9433,1
9434,3
9435,7
9436,8
9437,5
9438,0
9439,7
9440,1
9441,1
9442,0
9443,1
9444,1
9445,4
9446,5
9447,2
9448,7
9449,6
9450,2
9451,3
9452,0
9453,2
9454,8
9455,5
9456,9
9457,6
9458,9
9459,7
9460,2
9461,1
9462,3
9463,6
9464,4
9465,1
9466,8
9467,2
9468,4
9469,0
9470,5
9471,1
9472,0
9473,2
9474,2
9475,6
9476,4
9477,4
9478,3
9479,9
9480,6
9481,1
9482,6
9483,5
9484,7
9485,9
9486,2
9487,0
9488,2
9489,6
9490,0
9491,1
9492,4
9493,3
9494,5
9495,2
9496,8
9497,8
9498,0
9499,8
9500,8
9501,9
9502,0
9503,9
9504,6
9505,7
9506,6
9507,3
9508,9
9509,3
9510,4
9511,7
9512,7
9513,7
9514,4
9515,9
9516,0
9517,6
9518,4
9519,8
9520,4
9521,2
9522,7
9523,2
9524,8
9525,1
9526,0
9527,0
9528,7
9529,8
9530,3
9531,3
9532,3
9533,1
9534,3
9535,7
9536,6
9537,1
9538,3
9539,1
9540,6
9541,6
9542,5
9543,7
9544,4
9545,7
9546,5
9547,9
9548,5
9549,8
9550,4
9551,9
9552,9
9553,1
9554,6
9555,5
9556,0
9557,1
9558,3
9559,7
9560,0
9561,3
9562,4
9563,8
9564,2
9565,2
9566,0
9567,2
9568,5
9569,1
9570,5
9571,1
9572,4
9573,8
9574,8
9575,9
9576,1
9577,2
9578,1
9579,3
9580,5
9581,1
9582,0
9583,9
9584,4
9585,4
9586,8
9587,3
9588,2
9589,5
9590,9
9591,7
9592,6
9593,6
9594,2
9595,0
9596,0
9597,0
9598,5
9599,8
9600,7
9601,1
9602,5
9603,2
9604,3
9605,8
9606,5
9607,1
9608,8
9609,2
9610,0
9611,4
9612,9
9613,9
9614,6
9615,2
9616,3
9617,3
9618,5
9619,6
9620,4
9621,8
9622,0
9623,9
9624,2
9625,8
9626,3
9627,6
9628,7
9629,5
9630,7
9631,2
9632,9
9633,4
9634,9
9635,1
9636,2
9637,8
9638,6
9639,0
9640,7
9641,0
9642,9
9643,1
9644,1
9645,6
9646,7
9647,5
9648,9
9649,9
9650,1
9651,9
9652,5
9653,9
9654,2
9655,5
9656,0
9657,4
9658,1
9659,0
9660,8
9661,9
9662,0
9663,8
9664,9
9665,8
9666,9
9667,4
9668,2
9669,5
9670,7
9671,9
9672,8
9673,9
9674,8
9675,0
9676,9
9677,9
9678,6
9679,8
9680,9
9681,9
9682,5
9683,9
9684,8
9685,5
9686,1
9687,0
9688,3
9689,3
9690,5
9691,2
9692,1
9693,6
9694,5
9695,0
9696,2
9697,8
9698,1
9699,5
9700,6
9701,2
9702,3
9703,0
9704,2
9705,2
9706,6
9707,4
9708,3
9709,5
9710,5
9711,1
9712,7
9713,2
9714,1
9715,6
9716,9
9717,1
9718,9
9719,9
9720,5
9721,5
9722,1
9723,6
9724,2
9725,2
9726,8
9727,6
9728,7
9729,1
9730,4
9731,6
9732,0
9733,4
9734,0
9735,3
9736,3
9737,2
9738,2
9739,3
9740,6
9741,8
9742,9
9743,8
9744,5
9745,3
9746,8
9747,5
9748,4
9749,5
9750,2
9751,0
9752,5
9753,6
9754,3
9755,2
9756,8
9757,3
9758,9
9759,9
9760,5
9761,7
9762,9
9763,4
9764,6
9765,7
9766,1
9767,3
9768,7
9769,3
9770,6
9771,6
9772,0
9773,9
9774,0
9775,1
9776,9
9777,9
9778,2
9779,8
9780,8
9781,0
9782,1
9783,6
9784,9
9785,7
9786,5
9787,3
9788,4
9789,7
9790,4
9791,9
9792,9
9793,4
9794,3
9795,6
9796,3
9797,1
9798,1
9799,7
9800,6
9801,9
9802,1
9803,8
9804,4
9805,1
9806,1
9807,9
9808,9
9809,4
9810,3
9811,6
9812,8
9813,1
9814,6
9815,0
9816,4
9817,1
9818,3
9819,7
9820,7
9821,4
9822,9
9823,5
9824,1
9825,0
9826,0
9827,1
9828,1
9829,6
9830,2
9831,1
9832,9
9833,8
9834,4
9835,0
9836,3
9837,6
9838,4
9839,9
9840,0
9841,7
9842,1
9843,6
9844,5
9845,7
9846,5
9847,2
9848,5
9849,1
9850,8
9851,5
9852,4
9853,7
9854,0
9855,6
9856,7
9857,0
9858,2
9859,5
9860,8
9861,1
9862,0
9863,4
9864,5
9865,7
9866,1
9867,8
9868,5
9869,1
9870,9
9871,0
9872,0
9873,6
9874,0
9875,7
9876,3
9877,1
9878,8
9879,3
9880,9
9881,7
9882,0
9883,0
9884,8
9885,9
9886,5
9887,9
9888,8
9889,3
9890,2
9891,7
9892,2
9893,9
9894,7
9895,2
9896,1
9897,1
9898,3
9899,7
9900,5
9901,3
9902,1
9903,9
9904,8
9905,2
9906,2
9907,2
9908,8
9909,8
9910,5
9911,7
9912,3
9913,8
9914,9
9915,8
9916,8
9917,6
9918,8
9919,2
9920,3
9921,9
9922,7
9923,5
9924,6
9925,2
9926,9
9927,2
9928,8
9929,8
9930,1
9931,6
9932,8
9933,8
9934,7
9935,9
9936,1
9937,8
9938,0
9939,1
9940,7
9941,2
9942,0
9943,7
9944,5
9945,1
9946,9
9947,0
9948,2
9949,0
9950,9
9951,8
9952,6
9953,2
9954,3
9955,9
9956,3
9957,8
9958,0
9959,2
9960,1
9961,1
9962,1
9963,1
9964,4
9965,2
9966,9
9967,7
9968,2
9969,5
9970,1
9971,1
9972,2
9973,1
9974,9
9975,9
9976,9
9977,1
9978,0
9979,2
9980,0
9981,2
9982,1
9983,1
9984,4
9985,6
9986,4
9987,1
9988,5
9989,4
9990,9
9991,7
9992,7
9993,1
9994,5
9995,6
9996,2
9997,2
9998,2
9999,8
